id,estatura_m,peso_kg,perimetro_abdomen_m,anchura_hombros_m,image_file
human_male_0001,1.8448,71.59,0.7652,0.446,human_male_0001.jpg
human_male_0002,1.7868,88.78,1.0077,0.4458,human_male_0002.jpg
human_male_0003,1.9521,80.02,0.8323,0.4511,human_male_0003.jpg
human_male_0004,1.6478,94.68,1.1414,0.4482,human_male_0004.jpg
human_male_0005,1.6577,55.13,0.7172,0.4323,human_male_0005.jpg
human_male_0006,1.6565,53.18,0.7239,0.4459,human_male_0006.jpg
human_male_0007,1.7013,87.28,1.0476,0.4459,human_male_0007.jpg
human_male_0008,1.9737,79.56,0.7743,0.451,human_male_0008.jpg
human_male_0009,1.7246,52.55,0.6603,0.4479,human_male_0009.jpg
human_male_0010,1.7329,94.69,1.0997,0.4338,human_male_0010.jpg
human_male_0011,1.7588,109.16,1.1988,0.4457,human_male_0011.jpg
human_male_0012,1.9738,100.17,0.9421,0.4459,human_male_0012.jpg
human_male_0013,1.9354,73.14,0.7416,0.451,human_male_0013.jpg
human_male_0014,1.8863,66.73,0.7044,0.4477,human_male_0014.jpg
human_male_0015,1.6764,69.78,0.8861,0.4339,human_male_0015.jpg
human_male_0016,1.9321,83.41,0.8499,0.4458,human_male_0016.jpg
human_male_0017,1.8851,65.1,0.6897,0.4456,human_male_0017.jpg
human_male_0018,1.7881,65.95,0.7605,0.4507,human_male_0018.jpg
human_male_0019,1.7902,72.11,0.8661,0.4485,human_male_0019.jpg
human_male_0020,1.8243,61.94,0.6653,0.4321,human_male_0020.jpg
human_male_0021,1.6861,91.86,1.0634,0.4458,human_male_0021.jpg
human_male_0022,1.6406,87.39,1.0785,0.4457,human_male_0022.jpg
human_male_0023,1.6162,69.55,0.9106,0.4508,human_male_0023.jpg
human_male_0024,1.673,78.83,0.9704,0.448,human_male_0024.jpg
human_male_0025,1.6245,55.39,0.7582,0.4343,human_male_0025.jpg
human_male_0026,1.721,89.14,1.0459,0.4458,human_male_0026.jpg
human_male_0027,1.7143,64.81,0.8021,0.4457,human_male_0027.jpg
human_male_0028,1.6671,99.65,1.1633,0.4506,human_male_0028.jpg
human_male_0029,1.8982,76.66,0.7838,0.4487,human_male_0029.jpg
human_male_0030,1.8357,86.1,0.9436,0.4323,human_male_0030.jpg
human_male_0031,1.7313,61.75,0.754,0.4456,human_male_0031.jpg
human_male_0032,1.8855,121.43,1.2029,0.4455,human_male_0032.jpg
human_male_0033,1.7457,65.17,0.798,0.451,human_male_0033.jpg
human_male_0034,1.6451,60.72,0.8121,0.4471,human_male_0034.jpg
human_male_0035,1.6046,79.69,1.0274,0.4322,human_male_0035.jpg
human_male_0036,1.8198,79.88,0.8825,0.4457,human_male_0036.jpg
human_male_0037,1.9451,97.93,0.9416,0.4456,human_male_0037.jpg
human_male_0038,1.9795,103.04,0.9766,0.4509,human_male_0038.jpg
human_male_0039,1.6497,84.62,1.0385,0.4473,human_male_0039.jpg
human_male_0040,1.9674,134.45,1.2214,0.4331,human_male_0040.jpg
human_male_0041,1.6019,66.14,0.862,0.446,human_male_0041.jpg
human_male_0042,1.7078,78.98,0.9626,0.4458,human_male_0042.jpg
human_male_0043,1.9182,77.17,0.798,0.4508,human_male_0043.jpg
human_male_0044,1.7618,78.52,0.9511,0.4471,human_male_0044.jpg
human_male_0045,1.7228,66.69,0.8152,0.4344,human_male_0045.jpg
human_male_0046,1.6209,66.36,0.8595,0.4458,human_male_0046.jpg
human_male_0047,1.6184,74.11,0.9664,0.4454,human_male_0047.jpg
human_male_0048,1.8831,67.66,0.7163,0.4507,human_male_0048.jpg
human_male_0049,1.8279,61.35,0.67,0.4481,human_male_0049.jpg
human_male_0050,1.7882,90.43,1.0198,0.4342,human_male_0050.jpg
human_male_0051,1.9283,124.94,1.2179,0.4459,human_male_0051.jpg
human_male_0052,1.7171,50.83,0.6358,0.4459,human_male_0052.jpg
human_male_0053,1.8786,82.49,0.8901,0.4507,human_male_0053.jpg
human_male_0054,1.6316,76.09,0.9899,0.4475,human_male_0054.jpg
human_male_0055,1.9509,82.87,0.8195,0.4343,human_male_0055.jpg
human_male_0056,1.8426,91.51,0.9777,0.4458,human_male_0056.jpg
human_male_0057,1.7191,77.6,0.9381,0.4457,human_male_0057.jpg
human_male_0058,1.9173,117.35,1.1678,0.4506,human_male_0058.jpg
human_male_0059,1.9729,97.65,0.9181,0.4475,human_male_0059.jpg
human_male_0060,1.6552,87.97,1.0936,0.4342,human_male_0060.jpg
human_male_0061,1.8596,103.82,1.0825,0.4461,human_male_0061.jpg
human_male_0062,1.8919,125.85,1.2546,0.4457,human_male_0062.jpg
human_male_0063,1.6473,61.32,0.8204,0.4508,human_male_0063.jpg
human_male_0064,1.7376,98.42,1.1136,0.4476,human_male_0064.jpg
human_male_0065,1.8701,69.06,0.7684,0.4327,human_male_0065.jpg
human_male_0066,1.9256,88.74,0.9141,0.4457,human_male_0066.jpg
human_male_0067,1.7614,57.97,0.6884,0.4457,human_male_0067.jpg
human_male_0068,1.7511,56.19,0.6771,0.4509,human_male_0068.jpg
human_male_0069,1.978,75.95,0.7535,0.4479,human_male_0069.jpg
human_male_0070,1.5731,87.16,1.1098,0.4343,human_male_0070.jpg
human_male_0071,1.9495,78.27,0.7847,0.4459,human_male_0071.jpg
human_male_0072,1.6916,49.69,0.6525,0.4458,human_male_0072.jpg
human_male_0073,1.7855,91.14,1.0303,0.4508,human_male_0073.jpg
human_male_0074,1.7961,56.35,0.656,0.4483,human_male_0074.jpg
human_male_0075,1.7927,92.36,1.0409,0.4339,human_male_0075.jpg
human_male_0076,1.9317,71.05,0.743,0.4459,human_male_0076.jpg
human_male_0077,1.7154,68.76,0.8679,0.4454,human_male_0077.jpg
human_male_0078,1.8613,93.85,0.9911,0.4509,human_male_0078.jpg
human_male_0079,1.8324,103.65,1.0998,0.4478,human_male_0079.jpg
human_male_0080,1.8113,63.64,0.7162,0.4333,human_male_0080.jpg
human_male_0081,1.8186,85.15,0.9439,0.4461,human_male_0081.jpg
human_male_0082,1.7857,82.42,0.917,0.4456,human_male_0082.jpg
human_male_0083,1.6444,71.23,0.9117,0.4512,human_male_0083.jpg
human_male_0084,1.6274,71.7,0.9278,0.4474,human_male_0084.jpg
human_male_0085,1.9095,67.9,0.7186,0.4329,human_male_0085.jpg
human_male_0086,1.6861,73.87,0.9214,0.446,human_male_0086.jpg
human_male_0087,1.9412,115.95,1.1261,0.446,human_male_0087.jpg
human_male_0088,1.6153,53.87,0.7255,0.4508,human_male_0088.jpg
human_male_0089,1.6989,58.71,0.7517,0.4481,human_male_0089.jpg
human_male_0090,1.9272,82.87,0.8361,0.4341,human_male_0090.jpg
human_male_0091,1.8523,62.37,0.6952,0.4456,human_male_0091.jpg
human_male_0092,1.8631,67.72,0.7554,0.4459,human_male_0092.jpg
human_male_0093,1.863,80.74,0.8505,0.4511,human_male_0093.jpg
human_male_0094,1.9837,95.02,0.9236,0.4485,human_male_0094.jpg
human_male_0095,1.714,87.04,1.015,0.4331,human_male_0095.jpg
human_male_0096,1.7086,70.64,0.8737,0.4458,human_male_0096.jpg
human_male_0097,1.7917,95.76,1.0681,0.446,human_male_0097.jpg
human_male_0098,1.8491,119.3,1.2183,0.4511,human_male_0098.jpg
human_male_0099,1.65,96.93,1.1653,0.448,human_male_0099.jpg
human_male_0100,1.6902,83.07,1.0172,0.434,human_male_0100.jpg
human_male_0101,1.6891,73.79,0.9345,0.4459,human_male_0101.jpg
human_male_0102,1.82,112.24,1.1817,0.4456,human_male_0102.jpg
human_male_0103,1.7471,93.13,1.0573,0.451,human_male_0103.jpg
human_male_0104,1.9528,111.49,1.0732,0.4468,human_male_0104.jpg
human_male_0105,1.8539,120.55,1.1983,0.4328,human_male_0105.jpg
human_male_0106,1.7225,63.3,0.7872,0.446,human_male_0106.jpg
human_male_0107,1.8201,90.24,0.9596,0.4456,human_male_0107.jpg
human_male_0108,1.6827,67.0,0.8483,0.4511,human_male_0108.jpg
human_male_0109,1.9313,98.71,1.01,0.4477,human_male_0109.jpg
human_male_0110,1.8808,80.04,0.844,0.4341,human_male_0110.jpg
human_male_0111,1.8,79.54,0.8837,0.4461,human_male_0111.jpg
human_male_0112,1.9785,84.51,0.8331,0.445,human_male_0112.jpg
human_male_0113,1.6876,61.2,0.7698,0.4509,human_male_0113.jpg
human_male_0114,1.7399,59.09,0.7513,0.4478,human_male_0114.jpg
human_male_0115,1.8785,136.61,1.31,0.4332,human_male_0115.jpg
human_male_0116,1.7246,72.22,0.9105,0.4461,human_male_0116.jpg
human_male_0117,1.7077,94.51,1.0759,0.4456,human_male_0117.jpg
human_male_0118,1.7115,108.89,1.214,0.4509,human_male_0118.jpg
human_male_0119,1.9436,83.07,0.8485,0.4476,human_male_0119.jpg
human_male_0120,1.9232,98.06,1.0068,0.4336,human_male_0120.jpg
human_male_0121,1.6296,51.91,0.7148,0.4459,human_male_0121.jpg
human_male_0122,1.6811,52.46,0.6762,0.4459,human_male_0122.jpg
human_male_0123,1.6878,80.16,0.99,0.451,human_male_0123.jpg
human_male_0124,1.8382,111.23,1.1436,0.4475,human_male_0124.jpg
human_male_0125,1.8865,70.3,0.7448,0.433,human_male_0125.jpg
human_male_0126,1.8617,85.68,0.9443,0.4459,human_male_0126.jpg
human_male_0127,1.6539,67.45,0.8542,0.4458,human_male_0127.jpg
human_male_0128,1.6421,71.3,0.917,0.4511,human_male_0128.jpg
human_male_0129,1.7822,102.43,1.1193,0.4479,human_male_0129.jpg
human_male_0130,1.732,97.48,1.1194,0.4338,human_male_0130.jpg
human_male_0131,1.681,45.97,0.5924,0.4459,human_male_0131.jpg
human_male_0132,1.9053,105.73,1.0483,0.4457,human_male_0132.jpg
human_male_0133,1.9245,107.98,1.0511,0.4511,human_male_0133.jpg
human_male_0134,1.8069,118.5,1.2491,0.4477,human_male_0134.jpg
human_male_0135,1.6226,47.21,0.6774,0.433,human_male_0135.jpg
human_male_0136,1.912,92.18,0.9207,0.446,human_male_0136.jpg
human_male_0137,1.928,68.41,0.7125,0.4455,human_male_0137.jpg
human_male_0138,1.7455,58.23,0.7174,0.4511,human_male_0138.jpg
human_male_0139,1.6936,65.67,0.8496,0.4482,human_male_0139.jpg
human_male_0140,1.8863,100.68,1.0249,0.4326,human_male_0140.jpg
human_male_0141,1.8292,99.76,1.0597,0.4461,human_male_0141.jpg
human_male_0142,1.8632,72.19,0.7908,0.4457,human_male_0142.jpg
human_male_0143,1.7686,107.15,1.1779,0.4509,human_male_0143.jpg
human_male_0144,1.9014,77.79,0.8184,0.4474,human_male_0144.jpg
human_male_0145,1.7528,67.65,0.7937,0.4337,human_male_0145.jpg
human_male_0146,1.8932,78.27,0.8306,0.4459,human_male_0146.jpg
human_male_0147,1.8777,70.47,0.7604,0.4459,human_male_0147.jpg
human_male_0148,1.9228,118.14,1.1383,0.4509,human_male_0148.jpg
human_male_0149,1.5928,89.92,1.1172,0.4473,human_male_0149.jpg
human_male_0150,1.9073,101.17,1.0563,0.434,human_male_0150.jpg
human_male_0151,1.7416,90.24,1.058,0.4459,human_male_0151.jpg
human_male_0152,1.8309,81.58,0.9006,0.4457,human_male_0152.jpg
human_male_0153,1.7444,64.46,0.7792,0.4508,human_male_0153.jpg
human_male_0154,1.9781,72.4,0.7124,0.447,human_male_0154.jpg
human_male_0155,1.6793,95.45,1.1358,0.4345,human_male_0155.jpg
human_male_0156,1.6196,54.29,0.7337,0.4458,human_male_0156.jpg
human_male_0157,1.7387,72.26,0.879,0.4455,human_male_0157.jpg
human_male_0158,1.8551,119.14,1.2211,0.4509,human_male_0158.jpg
human_male_0159,1.6199,71.91,0.9439,0.4487,human_male_0159.jpg
human_male_0160,1.7553,83.14,0.9802,0.4343,human_male_0160.jpg
human_male_0161,1.7997,95.35,1.0423,0.4458,human_male_0161.jpg
human_male_0162,1.8881,113.43,1.1325,0.4453,human_male_0162.jpg
human_male_0163,1.7951,72.52,0.8442,0.4508,human_male_0163.jpg
human_male_0164,1.8923,107.54,1.0949,0.4476,human_male_0164.jpg
human_male_0165,1.9879,107.27,1.0234,0.4343,human_male_0165.jpg
human_male_0166,1.6335,64.68,0.8611,0.4458,human_male_0166.jpg
human_male_0167,1.6536,80.96,1.0174,0.4457,human_male_0167.jpg
human_male_0168,1.6004,64.58,0.8723,0.4511,human_male_0168.jpg
human_male_0169,1.767,61.99,0.7351,0.4467,human_male_0169.jpg
human_male_0170,1.6826,77.27,0.9401,0.4319,human_male_0170.jpg
human_male_0171,1.7091,55.94,0.7081,0.4459,human_male_0171.jpg
human_male_0172,1.7262,92.16,1.0674,0.4456,human_male_0172.jpg
human_male_0173,2.0138,81.52,0.7612,0.451,human_male_0173.jpg
human_male_0174,1.9691,116.14,1.1304,0.4484,human_male_0174.jpg
human_male_0175,2.0173,73.75,0.735,0.4332,human_male_0175.jpg
human_male_0176,1.7797,74.51,0.8359,0.446,human_male_0176.jpg
human_male_0177,1.8318,88.9,0.9814,0.4455,human_male_0177.jpg
human_male_0178,1.6181,94.05,1.1528,0.4509,human_male_0178.jpg
human_male_0179,1.9982,83.45,0.8077,0.4484,human_male_0179.jpg
human_male_0180,1.7773,59.15,0.7272,0.4333,human_male_0180.jpg
human_male_0181,1.9649,102.22,0.9845,0.446,human_male_0181.jpg
human_male_0182,1.8269,120.46,1.2537,0.4454,human_male_0182.jpg
human_male_0183,1.7041,56.4,0.7344,0.4505,human_male_0183.jpg
human_male_0184,1.6567,72.07,0.8978,0.4477,human_male_0184.jpg
human_male_0185,1.9401,137.99,1.3057,0.4336,human_male_0185.jpg
human_male_0186,1.8598,79.31,0.8488,0.4461,human_male_0186.jpg
human_male_0187,1.7566,107.25,1.2099,0.4458,human_male_0187.jpg
human_male_0188,1.9387,81.51,0.8333,0.4506,human_male_0188.jpg
human_male_0189,1.6462,84.08,1.0567,0.4487,human_male_0189.jpg
human_male_0190,1.766,51.34,0.6293,0.4339,human_male_0190.jpg
human_male_0191,1.7956,122.59,1.2482,0.4457,human_male_0191.jpg
human_male_0192,1.7068,52.51,0.6888,0.4457,human_male_0192.jpg
human_male_0193,1.82,55.89,0.636,0.4511,human_male_0193.jpg
human_male_0194,1.9596,89.36,0.8887,0.4478,human_male_0194.jpg
human_male_0195,1.8588,103.58,1.1065,0.4335,human_male_0195.jpg
human_male_0196,1.8008,73.46,0.8377,0.4457,human_male_0196.jpg
human_male_0197,1.7256,82.61,0.9803,0.4457,human_male_0197.jpg
human_male_0198,1.8644,100.62,1.0471,0.4508,human_male_0198.jpg
human_male_0199,1.9107,74.09,0.7918,0.447,human_male_0199.jpg
human_male_0200,1.6895,88.41,1.0915,0.4339,human_male_0200.jpg
human_male_0201,1.9121,133.91,1.2663,0.4458,human_male_0201.jpg
human_male_0202,1.8434,116.33,1.2014,0.4458,human_male_0202.jpg
human_male_0203,1.778,100.19,1.1023,0.4507,human_male_0203.jpg
human_male_0204,1.7263,68.55,0.8399,0.4482,human_male_0204.jpg
human_male_0205,1.9618,76.88,0.7675,0.4338,human_male_0205.jpg
human_male_0206,1.8893,75.43,0.7956,0.4461,human_male_0206.jpg
human_male_0207,1.6273,74.99,0.9571,0.4459,human_male_0207.jpg
human_male_0208,1.8928,101.69,1.0206,0.4508,human_male_0208.jpg
human_male_0209,1.8344,105.86,1.1118,0.4484,human_male_0209.jpg
human_male_0210,1.8844,95.79,0.9932,0.4336,human_male_0210.jpg
human_male_0211,1.8315,66.63,0.7496,0.4458,human_male_0211.jpg
human_male_0212,1.9256,87.98,0.8821,0.4458,human_male_0212.jpg
human_male_0213,1.8806,69.79,0.7543,0.451,human_male_0213.jpg
human_male_0214,1.6378,65.16,0.8292,0.4473,human_male_0214.jpg
human_male_0215,1.9263,101.66,1.0135,0.4337,human_male_0215.jpg
human_male_0216,1.9062,125.72,1.2375,0.4459,human_male_0216.jpg
human_male_0217,1.6664,88.33,1.0618,0.4455,human_male_0217.jpg
human_male_0218,1.8706,120.33,1.2059,0.451,human_male_0218.jpg
human_male_0219,1.883,102.92,1.0321,0.448,human_male_0219.jpg
human_male_0220,1.9575,100.84,1.023,0.4324,human_male_0220.jpg
human_male_0221,1.9705,96.23,0.9301,0.4455,human_male_0221.jpg
human_male_0222,1.7004,74.93,0.9087,0.446,human_male_0222.jpg
human_male_0223,1.8692,86.96,0.9289,0.4505,human_male_0223.jpg
human_male_0224,1.782,54.84,0.6657,0.448,human_male_0224.jpg
human_male_0225,1.6036,69.03,0.9365,0.4343,human_male_0225.jpg
human_male_0226,1.7331,71.32,0.865,0.4461,human_male_0226.jpg
human_male_0227,1.6799,70.39,0.8979,0.446,human_male_0227.jpg
human_male_0228,1.5801,91.46,1.1465,0.451,human_male_0228.jpg
human_male_0229,1.8431,103.25,1.0834,0.447,human_male_0229.jpg
human_male_0230,1.7212,54.74,0.6744,0.4335,human_male_0230.jpg
human_male_0231,1.9182,87.94,0.8888,0.446,human_male_0231.jpg
human_male_0232,1.6691,46.04,0.6373,0.4455,human_male_0232.jpg
human_male_0233,1.8531,68.82,0.7554,0.451,human_male_0233.jpg
human_male_0234,1.8555,84.94,0.8936,0.4475,human_male_0234.jpg
human_male_0235,1.8337,103.54,1.1043,0.4334,human_male_0235.jpg
human_male_0236,1.7099,96.64,1.1266,0.4458,human_male_0236.jpg
human_male_0237,1.7351,59.97,0.7316,0.4458,human_male_0237.jpg
human_male_0238,1.9206,76.8,0.8089,0.451,human_male_0238.jpg
human_male_0239,1.7923,85.49,0.9757,0.4473,human_male_0239.jpg
human_male_0240,1.719,84.27,0.9759,0.4336,human_male_0240.jpg
human_male_0241,1.7049,61.07,0.7925,0.4457,human_male_0241.jpg
human_male_0242,1.7076,84.23,1.0038,0.4456,human_male_0242.jpg
human_male_0243,1.8299,103.33,1.0829,0.4509,human_male_0243.jpg
human_male_0244,1.7083,62.34,0.7629,0.4483,human_male_0244.jpg
human_male_0245,1.6591,59.76,0.7989,0.4342,human_male_0245.jpg
human_male_0246,1.808,83.0,0.9411,0.446,human_male_0246.jpg
human_male_0247,1.92,71.33,0.7577,0.4454,human_male_0247.jpg
human_male_0248,1.5912,80.74,1.0299,0.451,human_male_0248.jpg
human_male_0249,1.8107,65.53,0.7399,0.4479,human_male_0249.jpg
human_male_0250,1.8111,90.8,1.0258,0.4332,human_male_0250.jpg
human_male_0251,1.9226,133.48,1.2695,0.4459,human_male_0251.jpg
human_male_0252,1.7686,91.9,1.0457,0.4457,human_male_0252.jpg
human_male_0253,1.8909,114.86,1.1499,0.451,human_male_0253.jpg
human_male_0254,1.8299,97.8,1.0623,0.4471,human_male_0254.jpg
human_male_0255,1.7634,60.02,0.7034,0.4319,human_male_0255.jpg
human_male_0256,1.7426,87.03,1.0149,0.4461,human_male_0256.jpg
human_male_0257,1.9364,113.42,1.0956,0.4454,human_male_0257.jpg
human_male_0258,1.7778,58.82,0.7069,0.4509,human_male_0258.jpg
human_male_0259,1.9625,68.29,0.6878,0.4474,human_male_0259.jpg
human_male_0260,1.9419,77.63,0.7619,0.4328,human_male_0260.jpg
human_male_0261,1.9228,126.84,1.2352,0.4457,human_male_0261.jpg
human_male_0262,1.6761,86.57,1.0598,0.4455,human_male_0262.jpg
human_male_0263,1.8609,126.74,1.224,0.4509,human_male_0263.jpg
human_male_0264,1.8018,82.02,0.9326,0.4481,human_male_0264.jpg
human_male_0265,1.9688,86.99,0.8641,0.4336,human_male_0265.jpg
human_male_0266,1.6296,85.54,1.0597,0.446,human_male_0266.jpg
human_male_0267,1.9525,113.42,1.1008,0.4457,human_male_0267.jpg
human_male_0268,1.7192,50.87,0.6252,0.4508,human_male_0268.jpg
human_male_0269,1.6269,95.2,1.1628,0.4475,human_male_0269.jpg
human_male_0270,1.8086,62.84,0.733,0.4327,human_male_0270.jpg
human_male_0271,1.7183,101.78,1.1428,0.4458,human_male_0271.jpg
human_male_0272,1.823,112.7,1.1738,0.4457,human_male_0272.jpg
human_male_0273,1.8666,68.19,0.725,0.451,human_male_0273.jpg
human_male_0274,1.8398,120.33,1.1989,0.4469,human_male_0274.jpg
human_male_0275,1.8662,122.95,1.244,0.4346,human_male_0275.jpg
human_male_0276,1.6845,49.7,0.6402,0.446,human_male_0276.jpg
human_male_0277,1.6511,87.01,1.0511,0.4456,human_male_0277.jpg
human_male_0278,1.6734,60.31,0.7825,0.4511,human_male_0278.jpg
human_male_0279,1.6222,61.24,0.8375,0.4477,human_male_0279.jpg
human_male_0280,1.7359,89.01,1.0407,0.4341,human_male_0280.jpg
human_male_0281,1.5961,64.55,0.8749,0.446,human_male_0281.jpg
human_male_0282,1.6837,100.05,1.1475,0.4455,human_male_0282.jpg
human_male_0283,1.8007,78.29,0.9015,0.4506,human_male_0283.jpg
human_male_0284,1.889,67.86,0.7196,0.4479,human_male_0284.jpg
human_male_0285,1.6048,64.81,0.8762,0.4337,human_male_0285.jpg
human_male_0286,1.6683,60.32,0.7748,0.4457,human_male_0286.jpg
human_male_0287,1.9003,107.79,1.0924,0.446,human_male_0287.jpg
human_male_0288,1.9185,72.23,0.7529,0.4507,human_male_0288.jpg
human_male_0289,1.9059,89.56,0.913,0.4482,human_male_0289.jpg
human_male_0290,1.8671,64.38,0.7065,0.4329,human_male_0290.jpg
human_male_0291,1.8288,67.1,0.772,0.446,human_male_0291.jpg
human_male_0292,1.9154,78.72,0.8232,0.4459,human_male_0292.jpg
human_male_0293,1.9108,123.11,1.2039,0.4509,human_male_0293.jpg
human_male_0294,1.7406,50.63,0.6547,0.4474,human_male_0294.jpg
human_male_0295,1.8284,73.58,0.8028,0.4339,human_male_0295.jpg
human_male_0296,1.8406,94.59,1.0045,0.4458,human_male_0296.jpg
human_male_0297,1.7669,102.35,1.1292,0.4456,human_male_0297.jpg
human_male_0298,1.6346,82.94,1.0147,0.4508,human_male_0298.jpg
human_male_0299,1.6426,79.18,1.0149,0.4478,human_male_0299.jpg
human_male_0300,1.8244,92.47,1.0131,0.4333,human_male_0300.jpg
human_male_0301,1.6037,55.59,0.7612,0.446,human_male_0301.jpg
human_male_0302,1.6014,73.63,0.9648,0.4459,human_male_0302.jpg
human_male_0303,1.901,87.28,0.8819,0.4507,human_male_0303.jpg
human_male_0304,1.7966,83.12,0.9153,0.4476,human_male_0304.jpg
human_male_0305,1.7944,85.45,0.972,0.4335,human_male_0305.jpg
human_male_0306,1.5999,92.28,1.1285,0.4455,human_male_0306.jpg
human_male_0307,1.9551,125.44,1.2013,0.4455,human_male_0307.jpg
human_male_0308,1.7687,97.44,1.0659,0.4511,human_male_0308.jpg
human_male_0309,1.9988,92.17,0.8604,0.4469,human_male_0309.jpg
human_male_0310,1.8243,104.5,1.0994,0.4348,human_male_0310.jpg
human_male_0311,1.8439,99.76,1.0708,0.4458,human_male_0311.jpg
human_male_0312,1.8279,118.45,1.2077,0.4457,human_male_0312.jpg
human_male_0313,1.9667,89.24,0.8491,0.4511,human_male_0313.jpg
human_male_0314,1.8852,108.69,1.0919,0.4477,human_male_0314.jpg
human_male_0315,1.9296,125.36,1.1959,0.4338,human_male_0315.jpg
human_male_0316,1.7483,93.31,1.0681,0.446,human_male_0316.jpg
human_male_0317,1.9514,79.46,0.8153,0.446,human_male_0317.jpg
human_male_0318,1.6101,63.36,0.8547,0.451,human_male_0318.jpg
human_male_0319,1.9434,137.36,1.2723,0.4483,human_male_0319.jpg
human_male_0320,1.7113,79.65,0.9582,0.434,human_male_0320.jpg
human_male_0321,1.7348,91.12,1.0537,0.4458,human_male_0321.jpg
human_male_0322,1.7221,60.13,0.736,0.4454,human_male_0322.jpg
human_male_0323,1.9537,128.35,1.1956,0.4508,human_male_0323.jpg
human_male_0324,1.8642,92.89,1.0038,0.4479,human_male_0324.jpg
human_male_0325,1.9389,83.92,0.8424,0.4326,human_male_0325.jpg
human_male_0326,1.7636,64.04,0.7804,0.4458,human_male_0326.jpg
human_male_0327,1.7292,81.23,0.9721,0.4455,human_male_0327.jpg
human_male_0328,1.6602,89.92,1.0912,0.4509,human_male_0328.jpg
human_male_0329,1.6335,75.23,0.9616,0.4474,human_male_0329.jpg
human_male_0330,1.8727,80.17,0.8372,0.4346,human_male_0330.jpg
human_male_0331,1.8697,110.23,1.1368,0.4457,human_male_0331.jpg
human_male_0332,1.6924,78.26,0.9515,0.4457,human_male_0332.jpg
human_male_0333,1.8418,90.37,0.9672,0.4511,human_male_0333.jpg
human_male_0334,1.6732,88.49,1.0532,0.4471,human_male_0334.jpg
human_male_0335,1.8647,127.07,1.2533,0.4325,human_male_0335.jpg
human_male_0336,1.977,94.97,0.9279,0.4457,human_male_0336.jpg
human_male_0337,1.8607,66.32,0.7051,0.4454,human_male_0337.jpg
human_male_0338,1.8682,85.0,0.9268,0.451,human_male_0338.jpg
human_male_0339,1.6558,64.21,0.8488,0.4478,human_male_0339.jpg
human_male_0340,1.888,78.27,0.8499,0.4336,human_male_0340.jpg
human_male_0341,1.6924,69.48,0.8737,0.4458,human_male_0341.jpg
human_male_0342,1.7907,56.7,0.6832,0.4455,human_male_0342.jpg
human_male_0343,1.9594,72.75,0.7133,0.4509,human_male_0343.jpg
human_male_0344,1.7696,94.81,1.0542,0.4471,human_male_0344.jpg
human_male_0345,1.8105,110.36,1.1489,0.4344,human_male_0345.jpg
human_male_0346,1.8865,110.81,1.1106,0.4459,human_male_0346.jpg
human_male_0347,1.7955,80.55,0.8986,0.4455,human_male_0347.jpg
human_male_0348,1.864,96.24,0.9829,0.4509,human_male_0348.jpg
human_male_0349,1.8487,120.84,1.2278,0.4483,human_male_0349.jpg
human_male_0350,1.9147,130.67,1.2709,0.4327,human_male_0350.jpg
human_male_0351,1.7724,58.3,0.7065,0.4461,human_male_0351.jpg
human_male_0352,1.8103,80.82,0.8947,0.4459,human_male_0352.jpg
human_male_0353,1.707,92.34,1.0895,0.4508,human_male_0353.jpg
human_male_0354,1.7029,63.53,0.7892,0.4478,human_male_0354.jpg
human_male_0355,1.941,135.34,1.2452,0.4336,human_male_0355.jpg
human_male_0356,1.727,103.21,1.1497,0.4457,human_male_0356.jpg
human_male_0357,1.8268,79.94,0.8731,0.4452,human_male_0357.jpg
human_male_0358,1.7183,54.41,0.6854,0.4511,human_male_0358.jpg
human_male_0359,1.7241,98.72,1.099,0.4469,human_male_0359.jpg
human_male_0360,1.9653,109.56,1.0525,0.4346,human_male_0360.jpg
human_male_0361,1.8291,102.54,1.0982,0.4458,human_male_0361.jpg
human_male_0362,1.6853,86.63,1.0404,0.4458,human_male_0362.jpg
human_male_0363,1.6755,46.38,0.612,0.4506,human_male_0363.jpg
human_male_0364,1.8213,78.87,0.8529,0.4481,human_male_0364.jpg
human_male_0365,1.8098,57.74,0.6539,0.4326,human_male_0365.jpg
human_male_0366,1.9101,106.55,1.058,0.4461,human_male_0366.jpg
human_male_0367,1.8348,113.31,1.1558,0.4458,human_male_0367.jpg
human_male_0368,1.6111,69.48,0.9197,0.4509,human_male_0368.jpg
human_male_0369,1.787,98.51,1.0658,0.4478,human_male_0369.jpg
human_male_0370,1.736,48.82,0.602,0.4335,human_male_0370.jpg
human_male_0371,1.7583,66.35,0.7984,0.446,human_male_0371.jpg
human_male_0372,1.6082,70.51,0.9171,0.4455,human_male_0372.jpg
human_male_0373,1.8003,92.04,0.998,0.4505,human_male_0373.jpg
human_male_0374,1.7187,69.1,0.8161,0.4487,human_male_0374.jpg
human_male_0375,1.9812,116.59,1.1179,0.433,human_male_0375.jpg
human_male_0376,1.6072,87.71,1.0977,0.4457,human_male_0376.jpg
human_male_0377,1.9821,78.92,0.7705,0.4457,human_male_0377.jpg
human_male_0378,1.9319,89.43,0.932,0.451,human_male_0378.jpg
human_male_0379,1.8286,88.49,0.9695,0.4481,human_male_0379.jpg
human_male_0380,1.777,70.28,0.8397,0.4334,human_male_0380.jpg
human_male_0381,1.7081,104.27,1.1761,0.4456,human_male_0381.jpg
human_male_0382,1.9041,132.61,1.2589,0.4458,human_male_0382.jpg
human_male_0383,1.853,106.08,1.0703,0.451,human_male_0383.jpg
human_male_0384,1.7587,105.57,1.1797,0.4484,human_male_0384.jpg
human_male_0385,1.7026,57.29,0.7324,0.4346,human_male_0385.jpg
human_male_0386,1.68,82.34,1.0,0.4457,human_male_0386.jpg
human_male_0387,1.6085,58.25,0.7935,0.4451,human_male_0387.jpg
human_male_0388,1.7341,64.89,0.7973,0.4511,human_male_0388.jpg
human_male_0389,1.5888,67.76,0.9244,0.4473,human_male_0389.jpg
human_male_0390,1.6837,81.71,0.9902,0.4332,human_male_0390.jpg
human_male_0391,1.6687,86.48,1.0572,0.446,human_male_0391.jpg
human_male_0392,1.9628,86.05,0.8661,0.4455,human_male_0392.jpg
human_male_0393,1.7635,78.2,0.9242,0.451,human_male_0393.jpg
human_male_0394,1.7215,101.05,1.1329,0.4478,human_male_0394.jpg
human_male_0395,1.821,66.44,0.7432,0.4338,human_male_0395.jpg
human_male_0396,1.6001,90.16,1.1146,0.4459,human_male_0396.jpg
human_male_0397,1.7402,93.65,1.0929,0.4456,human_male_0397.jpg
human_male_0398,1.9786,77.0,0.7479,0.4508,human_male_0398.jpg
human_male_0399,1.6744,89.05,1.0619,0.4478,human_male_0399.jpg
human_male_0400,1.7386,77.36,0.9416,0.4331,human_male_0400.jpg
human_male_0401,1.8609,64.05,0.7008,0.4458,human_male_0401.jpg
human_male_0402,1.6829,74.15,0.9284,0.4453,human_male_0402.jpg
human_male_0403,1.7731,71.66,0.8373,0.4511,human_male_0403.jpg
human_male_0404,1.7541,100.45,1.1234,0.4481,human_male_0404.jpg
human_male_0405,1.8506,108.96,1.1276,0.4326,human_male_0405.jpg
human_male_0406,1.6098,75.15,0.9655,0.4458,human_male_0406.jpg
human_male_0407,1.8882,77.7,0.8027,0.4457,human_male_0407.jpg
human_male_0408,1.692,47.81,0.6145,0.451,human_male_0408.jpg
human_male_0409,1.8632,90.02,0.9373,0.4464,human_male_0409.jpg
human_male_0410,1.7439,77.76,0.9406,0.4336,human_male_0410.jpg
human_male_0411,1.6044,67.79,0.893,0.4459,human_male_0411.jpg
human_male_0412,1.6651,64.85,0.8301,0.4456,human_male_0412.jpg
human_male_0413,1.7838,108.69,1.1508,0.4509,human_male_0413.jpg
human_male_0414,1.861,113.39,1.1694,0.447,human_male_0414.jpg
human_male_0415,1.9459,70.52,0.731,0.4332,human_male_0415.jpg
human_male_0416,1.6044,59.71,0.7902,0.4458,human_male_0416.jpg
human_male_0417,1.8937,114.91,1.1376,0.4458,human_male_0417.jpg
human_male_0418,1.9694,102.16,0.9813,0.4511,human_male_0418.jpg
human_male_0419,1.8982,129.63,1.2679,0.4472,human_male_0419.jpg
human_male_0420,1.7773,98.31,1.0836,0.4334,human_male_0420.jpg
human_male_0421,1.6543,61.2,0.803,0.4457,human_male_0421.jpg
human_male_0422,1.6811,81.33,1.0005,0.4456,human_male_0422.jpg
human_male_0423,1.9447,101.82,0.991,0.4511,human_male_0423.jpg
human_male_0424,1.8364,62.51,0.6973,0.4474,human_male_0424.jpg
human_male_0425,1.7736,84.26,0.9916,0.4338,human_male_0425.jpg
human_male_0426,1.8658,82.45,0.9163,0.4457,human_male_0426.jpg
human_male_0427,1.8057,82.01,0.885,0.4457,human_male_0427.jpg
human_male_0428,1.7654,111.39,1.2105,0.4511,human_male_0428.jpg
human_male_0429,1.7064,99.76,1.1497,0.4479,human_male_0429.jpg
human_male_0430,1.7293,78.25,0.949,0.4339,human_male_0430.jpg
human_male_0431,1.7912,84.65,0.9502,0.4458,human_male_0431.jpg
human_male_0432,1.7249,64.91,0.7898,0.4455,human_male_0432.jpg
human_male_0433,1.8344,84.08,0.9045,0.451,human_male_0433.jpg
human_male_0434,1.6593,59.66,0.8141,0.4474,human_male_0434.jpg
human_male_0435,1.933,139.98,1.3183,0.4338,human_male_0435.jpg
human_male_0436,1.6988,59.85,0.7578,0.446,human_male_0436.jpg
human_male_0437,1.8099,83.18,0.9085,0.4456,human_male_0437.jpg
human_male_0438,1.6493,99.36,1.171,0.451,human_male_0438.jpg
human_male_0439,1.9138,78.63,0.8197,0.4484,human_male_0439.jpg
human_male_0440,1.6892,98.44,1.1449,0.4327,human_male_0440.jpg
human_male_0441,1.8105,78.59,0.9,0.446,human_male_0441.jpg
human_male_0442,1.8016,99.34,1.0643,0.4454,human_male_0442.jpg
human_male_0443,1.8026,95.49,1.0292,0.4509,human_male_0443.jpg
human_male_0444,1.595,82.49,1.0902,0.4481,human_male_0444.jpg
human_male_0445,1.8033,60.69,0.701,0.434,human_male_0445.jpg
human_male_0446,1.8003,105.69,1.1563,0.4459,human_male_0446.jpg
human_male_0447,1.7185,49.86,0.6476,0.4454,human_male_0447.jpg
human_male_0448,1.9539,132.95,1.2256,0.4507,human_male_0448.jpg
human_male_0449,1.7997,82.36,0.93,0.4477,human_male_0449.jpg
human_male_0450,1.6324,64.48,0.8753,0.4339,human_male_0450.jpg
human_male_0451,1.6224,45.69,0.6317,0.4458,human_male_0451.jpg
human_male_0452,1.8058,83.22,0.9096,0.4452,human_male_0452.jpg
human_male_0453,1.9047,79.59,0.8313,0.4511,human_male_0453.jpg
human_male_0454,1.6277,94.78,1.1611,0.4487,human_male_0454.jpg
human_male_0455,1.92,75.69,0.7826,0.4333,human_male_0455.jpg
human_male_0456,1.7266,57.44,0.7215,0.446,human_male_0456.jpg
human_male_0457,1.7807,61.29,0.7293,0.4454,human_male_0457.jpg
human_male_0458,1.7315,67.16,0.8461,0.4508,human_male_0458.jpg
human_male_0459,1.6724,58.9,0.7754,0.4476,human_male_0459.jpg
human_male_0460,1.7682,97.35,1.1127,0.4344,human_male_0460.jpg
human_male_0461,1.953,93.02,0.9467,0.4459,human_male_0461.jpg
human_male_0462,1.8869,102.2,1.0454,0.4454,human_male_0462.jpg
human_male_0463,1.9311,87.11,0.8659,0.4509,human_male_0463.jpg
human_male_0464,1.9198,122.48,1.1802,0.4471,human_male_0464.jpg
human_male_0465,1.7319,86.02,1.0017,0.4337,human_male_0465.jpg
human_male_0466,1.8994,105.13,1.0259,0.446,human_male_0466.jpg
human_male_0467,1.8348,85.64,0.9385,0.4455,human_male_0467.jpg
human_male_0468,1.7401,87.97,1.022,0.4508,human_male_0468.jpg
human_male_0469,2.0128,83.3,0.7912,0.4475,human_male_0469.jpg
human_male_0470,1.6505,54.6,0.7076,0.4328,human_male_0470.jpg
human_male_0471,1.7501,82.89,0.9527,0.4459,human_male_0471.jpg
human_male_0472,1.7589,57.52,0.6891,0.4459,human_male_0472.jpg
human_male_0473,1.9702,91.8,0.8771,0.451,human_male_0473.jpg
human_male_0474,1.65,55.85,0.7299,0.4466,human_male_0474.jpg
human_male_0475,1.6094,84.76,1.0633,0.4334,human_male_0475.jpg
human_male_0476,1.7779,94.71,1.0462,0.446,human_male_0476.jpg
human_male_0477,1.7231,95.5,1.1171,0.446,human_male_0477.jpg
human_male_0478,1.6365,69.14,0.9101,0.4511,human_male_0478.jpg
human_male_0479,1.8988,87.88,0.8951,0.4475,human_male_0479.jpg
human_male_0480,1.776,64.89,0.7824,0.4335,human_male_0480.jpg
human_male_0481,1.7983,71.19,0.8175,0.4458,human_male_0481.jpg
human_male_0482,1.8917,74.37,0.7781,0.4455,human_male_0482.jpg
human_male_0483,1.9174,124.41,1.2103,0.451,human_male_0483.jpg
human_male_0484,1.8958,84.6,0.9087,0.4482,human_male_0484.jpg
human_male_0485,1.8063,80.75,0.9496,0.4341,human_male_0485.jpg
human_male_0486,1.6104,58.88,0.7962,0.4458,human_male_0486.jpg
human_male_0487,1.8494,62.35,0.6947,0.4451,human_male_0487.jpg
human_male_0488,1.7604,86.19,0.9876,0.4509,human_male_0488.jpg
human_male_0489,1.6359,96.03,1.192,0.4474,human_male_0489.jpg
human_male_0490,1.9363,102.43,0.9906,0.4339,human_male_0490.jpg
human_male_0491,1.6924,54.39,0.7088,0.4461,human_male_0491.jpg
human_male_0492,1.7954,80.14,0.8951,0.4456,human_male_0492.jpg
human_male_0493,1.7138,64.11,0.8028,0.4509,human_male_0493.jpg
human_male_0494,1.8163,109.24,1.1441,0.4477,human_male_0494.jpg
human_male_0495,1.8089,100.75,1.0958,0.4338,human_male_0495.jpg
human_male_0496,1.7991,71.45,0.8375,0.446,human_male_0496.jpg
human_male_0497,1.8261,75.26,0.8371,0.4453,human_male_0497.jpg
human_male_0498,1.7372,106.56,1.183,0.4508,human_male_0498.jpg
human_male_0499,1.8435,80.85,0.8859,0.4479,human_male_0499.jpg
human_male_0500,1.8526,123.82,1.2458,0.4338,human_male_0500.jpg
human_male_0501,1.622,61.78,0.8353,0.4457,human_male_0501.jpg
human_male_0502,1.6652,56.93,0.7432,0.4456,human_male_0502.jpg
human_male_0503,1.8932,107.56,1.0812,0.4507,human_male_0503.jpg
human_male_0504,1.8537,69.02,0.7598,0.4481,human_male_0504.jpg
human_male_0505,1.84,69.96,0.759,0.4336,human_male_0505.jpg
human_male_0506,1.6591,83.02,1.0396,0.4458,human_male_0506.jpg
human_male_0507,1.9496,88.44,0.8745,0.4456,human_male_0507.jpg
human_male_0508,1.8085,64.89,0.7137,0.4508,human_male_0508.jpg
human_male_0509,1.7594,68.14,0.8089,0.4476,human_male_0509.jpg
human_male_0510,1.7078,50.63,0.6557,0.4327,human_male_0510.jpg
human_male_0511,1.718,81.62,0.9842,0.446,human_male_0511.jpg
human_male_0512,1.7921,58.53,0.685,0.4457,human_male_0512.jpg
human_male_0513,1.8939,74.84,0.7998,0.451,human_male_0513.jpg
human_male_0514,1.5916,83.14,1.0849,0.4472,human_male_0514.jpg
human_male_0515,1.8223,82.47,0.9163,0.434,human_male_0515.jpg
human_male_0516,1.5943,82.08,1.0482,0.4456,human_male_0516.jpg
human_male_0517,1.9959,80.9,0.7816,0.4453,human_male_0517.jpg
human_male_0518,1.685,60.94,0.7706,0.4511,human_male_0518.jpg
human_male_0519,1.8504,72.93,0.8057,0.4484,human_male_0519.jpg
human_male_0520,1.716,78.3,0.9414,0.4342,human_male_0520.jpg
human_male_0521,1.6768,51.09,0.6675,0.446,human_male_0521.jpg
human_male_0522,1.6784,97.15,1.142,0.4453,human_male_0522.jpg
human_male_0523,1.9248,99.86,0.9847,0.451,human_male_0523.jpg
human_male_0524,1.7866,68.32,0.8167,0.4473,human_male_0524.jpg
human_male_0525,1.7088,78.36,0.9726,0.4337,human_male_0525.jpg
human_male_0526,1.6746,100.69,1.1933,0.4461,human_male_0526.jpg
human_male_0527,1.7079,85.15,1.0146,0.4455,human_male_0527.jpg
human_male_0528,1.6282,88.68,1.0708,0.4508,human_male_0528.jpg
human_male_0529,1.7498,57.52,0.7024,0.4472,human_male_0529.jpg
human_male_0530,1.6056,74.45,0.9998,0.4342,human_male_0530.jpg
human_male_0531,1.8017,71.65,0.8159,0.4459,human_male_0531.jpg
human_male_0532,1.7071,104.3,1.1774,0.4456,human_male_0532.jpg
human_male_0533,1.7889,89.15,1.0015,0.4508,human_male_0533.jpg
human_male_0534,1.5937,74.55,0.9713,0.4473,human_male_0534.jpg
human_male_0535,1.8921,104.87,1.0555,0.4339,human_male_0535.jpg
human_male_0536,1.6382,85.44,1.0544,0.4459,human_male_0536.jpg
human_male_0537,1.8083,110.2,1.1535,0.4456,human_male_0537.jpg
human_male_0538,1.9226,125.88,1.1801,0.4507,human_male_0538.jpg
human_male_0539,1.603,72.02,0.9408,0.4473,human_male_0539.jpg
human_male_0540,1.8471,100.82,1.0564,0.4322,human_male_0540.jpg
human_male_0541,1.6665,48.67,0.6434,0.4461,human_male_0541.jpg
human_male_0542,1.9607,97.25,0.979,0.4455,human_male_0542.jpg
human_male_0543,1.9347,80.77,0.8115,0.451,human_male_0543.jpg
human_male_0544,1.6904,85.69,1.0326,0.4477,human_male_0544.jpg
human_male_0545,1.8461,94.37,1.0053,0.4341,human_male_0545.jpg
human_male_0546,1.701,77.62,0.9256,0.4459,human_male_0546.jpg
human_male_0547,1.7722,71.88,0.8388,0.4459,human_male_0547.jpg
human_male_0548,1.7485,79.88,0.9314,0.4511,human_male_0548.jpg
human_male_0549,1.8563,66.37,0.7408,0.4483,human_male_0549.jpg
human_male_0550,1.7438,53.28,0.6698,0.4334,human_male_0550.jpg
human_male_0551,1.8424,94.08,1.0167,0.4457,human_male_0551.jpg
human_male_0552,1.8856,113.62,1.1362,0.4452,human_male_0552.jpg
human_male_0553,1.9567,89.23,0.9035,0.4509,human_male_0553.jpg
human_male_0554,1.643,94.42,1.1564,0.4467,human_male_0554.jpg
human_male_0555,1.785,76.52,0.9164,0.4334,human_male_0555.jpg
human_male_0556,1.9032,131.19,1.2446,0.4458,human_male_0556.jpg
human_male_0557,1.8465,76.05,0.8311,0.4458,human_male_0557.jpg
human_male_0558,1.9564,85.89,0.8428,0.4508,human_male_0558.jpg
human_male_0559,1.7133,85.64,1.0066,0.4483,human_male_0559.jpg
human_male_0560,1.6048,66.16,0.8779,0.4339,human_male_0560.jpg
human_male_0561,1.6526,84.07,1.0351,0.4457,human_male_0561.jpg
human_male_0562,1.8603,65.99,0.7386,0.4459,human_male_0562.jpg
human_male_0563,1.6965,52.91,0.6876,0.451,human_male_0563.jpg
human_male_0564,1.6951,103.41,1.1931,0.4479,human_male_0564.jpg
human_male_0565,1.7672,70.79,0.8332,0.4345,human_male_0565.jpg
human_male_0566,1.701,62.39,0.7709,0.446,human_male_0566.jpg
human_male_0567,1.5825,78.77,1.0084,0.4457,human_male_0567.jpg
human_male_0568,1.6829,63.41,0.7987,0.4507,human_male_0568.jpg
human_male_0569,1.8396,88.27,0.9783,0.4482,human_male_0569.jpg
human_male_0570,1.9271,85.22,0.8773,0.4333,human_male_0570.jpg
human_male_0571,1.9494,69.99,0.7239,0.4458,human_male_0571.jpg
human_male_0572,1.8752,94.81,0.9898,0.4459,human_male_0572.jpg
human_male_0573,1.6676,67.67,0.8657,0.4507,human_male_0573.jpg
human_male_0574,1.896,123.92,1.2111,0.4472,human_male_0574.jpg
human_male_0575,1.9509,129.2,1.1912,0.4321,human_male_0575.jpg
human_male_0576,1.9531,112.51,1.0944,0.446,human_male_0576.jpg
human_male_0577,1.8447,81.06,0.9103,0.4457,human_male_0577.jpg
human_male_0578,1.9322,124.18,1.2069,0.4508,human_male_0578.jpg
human_male_0579,1.6355,66.84,0.8567,0.4471,human_male_0579.jpg
human_male_0580,1.722,109.64,1.2156,0.4334,human_male_0580.jpg
human_male_0581,1.8235,72.08,0.8318,0.4459,human_male_0581.jpg
human_male_0582,1.9678,98.07,0.9433,0.4456,human_male_0582.jpg
human_male_0583,1.6499,62.92,0.8306,0.4508,human_male_0583.jpg
human_male_0584,1.8492,119.93,1.2435,0.448,human_male_0584.jpg
human_male_0585,1.9607,135.04,1.2343,0.4328,human_male_0585.jpg
human_male_0586,1.8427,126.21,1.2606,0.446,human_male_0586.jpg
human_male_0587,1.832,94.41,1.0083,0.4451,human_male_0587.jpg
human_male_0588,1.9833,90.69,0.8939,0.4511,human_male_0588.jpg
human_male_0589,1.9377,140.83,1.2986,0.448,human_male_0589.jpg
human_male_0590,1.7069,102.97,1.1806,0.4334,human_male_0590.jpg
human_male_0591,1.8644,111.58,1.1646,0.446,human_male_0591.jpg
human_male_0592,1.932,133.32,1.2422,0.4458,human_male_0592.jpg
human_male_0593,1.7645,73.11,0.8251,0.4507,human_male_0593.jpg
human_male_0594,1.7458,80.73,0.9822,0.4482,human_male_0594.jpg
human_male_0595,1.5999,73.73,0.9784,0.4338,human_male_0595.jpg
human_male_0596,1.9546,113.6,1.0827,0.4458,human_male_0596.jpg
human_male_0597,1.7837,67.76,0.7704,0.4457,human_male_0597.jpg
human_male_0598,1.6371,59.51,0.8003,0.4507,human_male_0598.jpg
human_male_0599,1.9475,118.24,1.1284,0.4484,human_male_0599.jpg
human_male_0600,1.6954,99.02,1.1618,0.4323,human_male_0600.jpg
human_male_0601,1.7549,107.0,1.1649,0.446,human_male_0601.jpg
human_male_0602,1.9142,120.96,1.1732,0.4458,human_male_0602.jpg
human_male_0603,1.6169,56.27,0.7573,0.4508,human_male_0603.jpg
human_male_0604,1.8107,99.99,1.0546,0.4473,human_male_0604.jpg
human_male_0605,1.9736,96.7,0.9487,0.4323,human_male_0605.jpg
human_male_0606,1.8616,92.51,0.9805,0.446,human_male_0606.jpg
human_male_0607,1.9805,87.05,0.8432,0.4459,human_male_0607.jpg
human_male_0608,2.0005,81.17,0.7909,0.4511,human_male_0608.jpg
human_male_0609,1.6947,62.98,0.8084,0.4477,human_male_0609.jpg
human_male_0610,1.8841,92.05,0.9548,0.4334,human_male_0610.jpg
human_male_0611,1.8135,74.89,0.8435,0.446,human_male_0611.jpg
human_male_0612,1.9771,108.37,1.0174,0.4457,human_male_0612.jpg
human_male_0613,1.8617,68.13,0.766,0.4506,human_male_0613.jpg
human_male_0614,1.6966,49.31,0.6371,0.4485,human_male_0614.jpg
human_male_0615,1.6844,65.99,0.8401,0.4341,human_male_0615.jpg
human_male_0616,1.7886,74.8,0.852,0.4461,human_male_0616.jpg
human_male_0617,1.9581,85.22,0.8742,0.4456,human_male_0617.jpg
human_male_0618,1.6973,87.92,1.0534,0.4505,human_male_0618.jpg
human_male_0619,1.8522,65.35,0.703,0.448,human_male_0619.jpg
human_male_0620,1.9803,84.12,0.8015,0.4338,human_male_0620.jpg
human_male_0621,1.9217,100.51,1.0125,0.4461,human_male_0621.jpg
human_male_0622,1.7881,72.02,0.834,0.4453,human_male_0622.jpg
human_male_0623,1.5921,91.08,1.147,0.4508,human_male_0623.jpg
human_male_0624,1.8202,90.35,0.9886,0.447,human_male_0624.jpg
human_male_0625,1.9209,136.32,1.2933,0.4318,human_male_0625.jpg
human_male_0626,1.717,77.76,0.9409,0.446,human_male_0626.jpg
human_male_0627,1.8321,98.35,1.0503,0.4459,human_male_0627.jpg
human_male_0628,1.8454,57.9,0.6436,0.451,human_male_0628.jpg
human_male_0629,1.9579,78.57,0.8067,0.4478,human_male_0629.jpg
human_male_0630,1.7086,73.53,0.9328,0.4328,human_male_0630.jpg
human_male_0631,1.7868,112.81,1.1756,0.4457,human_male_0631.jpg
human_male_0632,1.6877,50.75,0.6369,0.4457,human_male_0632.jpg
human_male_0633,1.682,96.74,1.1458,0.451,human_male_0633.jpg
human_male_0634,1.9722,110.75,1.0487,0.4485,human_male_0634.jpg
human_male_0635,1.6635,92.39,1.1106,0.4322,human_male_0635.jpg
human_male_0636,1.7305,104.82,1.1831,0.4458,human_male_0636.jpg
human_male_0637,1.7998,94.6,1.0385,0.4455,human_male_0637.jpg
human_male_0638,1.9464,121.94,1.1563,0.451,human_male_0638.jpg
human_male_0639,1.9075,104.81,1.0582,0.4478,human_male_0639.jpg
human_male_0640,1.7398,99.28,1.1263,0.434,human_male_0640.jpg
human_male_0641,1.6565,88.0,1.0568,0.4458,human_male_0641.jpg
human_male_0642,1.7649,59.55,0.7246,0.4456,human_male_0642.jpg
human_male_0643,1.7246,98.3,1.1415,0.4509,human_male_0643.jpg
human_male_0644,1.6406,48.14,0.6679,0.4474,human_male_0644.jpg
human_male_0645,1.7892,79.69,0.9209,0.4335,human_male_0645.jpg
human_male_0646,1.8782,84.42,0.8914,0.446,human_male_0646.jpg
human_male_0647,1.7371,73.44,0.8838,0.4453,human_male_0647.jpg
human_male_0648,1.7715,82.87,0.9315,0.4509,human_male_0648.jpg
human_male_0649,1.6631,59.16,0.7788,0.4476,human_male_0649.jpg
human_male_0650,1.9588,111.41,1.0753,0.4319,human_male_0650.jpg
human_male_0651,1.9863,78.15,0.736,0.4455,human_male_0651.jpg
human_male_0652,1.8813,114.03,1.1364,0.4457,human_male_0652.jpg
human_male_0653,1.9149,105.46,1.0616,0.451,human_male_0653.jpg
human_male_0654,1.9349,119.08,1.1481,0.4481,human_male_0654.jpg
human_male_0655,1.8489,77.14,0.8708,0.4325,human_male_0655.jpg
human_male_0656,1.802,101.78,1.1065,0.4459,human_male_0656.jpg
human_male_0657,1.8098,89.01,0.9703,0.4459,human_male_0657.jpg
human_male_0658,1.7666,96.94,1.0629,0.4507,human_male_0658.jpg
human_male_0659,1.8886,99.42,1.0201,0.448,human_male_0659.jpg
human_male_0660,1.9476,83.84,0.8516,0.4343,human_male_0660.jpg
human_male_0661,1.9889,87.73,0.8663,0.4457,human_male_0661.jpg
human_male_0662,1.6093,66.21,0.8817,0.4458,human_male_0662.jpg
human_male_0663,1.6938,59.65,0.7825,0.4511,human_male_0663.jpg
human_male_0664,1.921,82.55,0.8302,0.4478,human_male_0664.jpg
human_male_0665,1.8587,100.4,1.0291,0.4334,human_male_0665.jpg
human_male_0666,1.7575,66.32,0.8113,0.4461,human_male_0666.jpg
human_male_0667,1.9568,111.86,1.0745,0.4456,human_male_0667.jpg
human_male_0668,1.9546,115.09,1.1093,0.451,human_male_0668.jpg
human_male_0669,1.7275,65.4,0.776,0.4473,human_male_0669.jpg
human_male_0670,1.7943,88.41,0.9702,0.4333,human_male_0670.jpg
human_male_0671,1.8672,78.0,0.8351,0.4458,human_male_0671.jpg
human_male_0672,1.6647,87.02,1.0887,0.4458,human_male_0672.jpg
human_male_0673,1.805,97.6,1.0595,0.4508,human_male_0673.jpg
human_male_0674,1.666,64.95,0.8494,0.4479,human_male_0674.jpg
human_male_0675,1.937,120.48,1.1621,0.4325,human_male_0675.jpg
human_male_0676,1.7724,74.41,0.898,0.4456,human_male_0676.jpg
human_male_0677,1.729,90.57,1.0307,0.4457,human_male_0677.jpg
human_male_0678,1.9444,88.01,0.8953,0.451,human_male_0678.jpg
human_male_0679,1.7196,84.78,0.9973,0.4481,human_male_0679.jpg
human_male_0680,1.6079,73.4,0.9588,0.4332,human_male_0680.jpg
human_male_0681,1.7656,76.02,0.8883,0.4457,human_male_0681.jpg
human_male_0682,1.6238,79.1,1.0034,0.4458,human_male_0682.jpg
human_male_0683,1.7071,55.77,0.7024,0.4509,human_male_0683.jpg
human_male_0684,1.8955,88.62,0.9156,0.4482,human_male_0684.jpg
human_male_0685,1.7442,80.87,0.9337,0.4336,human_male_0685.jpg
human_male_0686,1.7497,68.15,0.7948,0.4459,human_male_0686.jpg
human_male_0687,1.623,45.54,0.6326,0.4458,human_male_0687.jpg
human_male_0688,1.8361,84.71,0.9182,0.451,human_male_0688.jpg
human_male_0689,1.9368,125.87,1.2037,0.4482,human_male_0689.jpg
human_male_0690,1.9661,90.0,0.9048,0.433,human_male_0690.jpg
human_male_0691,1.6126,45.56,0.6166,0.4456,human_male_0691.jpg
human_male_0692,1.9805,84.96,0.844,0.4455,human_male_0692.jpg
human_male_0693,1.8445,98.29,1.0512,0.451,human_male_0693.jpg
human_male_0694,1.6554,79.72,0.9943,0.4488,human_male_0694.jpg
human_male_0695,1.7102,62.64,0.7795,0.4328,human_male_0695.jpg
human_male_0696,1.6674,56.25,0.7142,0.4455,human_male_0696.jpg
human_male_0697,1.9007,66.87,0.7106,0.4457,human_male_0697.jpg
human_male_0698,1.6445,47.8,0.6309,0.4511,human_male_0698.jpg
human_male_0699,1.6356,77.99,0.9681,0.4473,human_male_0699.jpg
human_male_0700,1.7621,70.36,0.8291,0.4324,human_male_0700.jpg
human_male_0701,1.7751,80.99,0.9049,0.4459,human_male_0701.jpg
human_male_0702,1.7893,66.36,0.7526,0.4456,human_male_0702.jpg
human_male_0703,1.8293,90.34,0.9714,0.4506,human_male_0703.jpg
human_male_0704,1.8153,97.17,1.0386,0.4477,human_male_0704.jpg
human_male_0705,1.6727,59.56,0.7757,0.4337,human_male_0705.jpg
human_male_0706,1.8263,117.08,1.2316,0.446,human_male_0706.jpg
human_male_0707,1.612,80.43,1.0305,0.4459,human_male_0707.jpg
human_male_0708,1.7652,52.91,0.6313,0.4508,human_male_0708.jpg
human_male_0709,1.9033,88.85,0.8912,0.447,human_male_0709.jpg
human_male_0710,1.6369,72.37,0.9493,0.433,human_male_0710.jpg
human_male_0711,1.7893,89.8,1.0146,0.4459,human_male_0711.jpg
human_male_0712,1.7939,67.89,0.788,0.4459,human_male_0712.jpg
human_male_0713,1.8353,120.05,1.2262,0.4508,human_male_0713.jpg
human_male_0714,1.6561,71.24,0.9124,0.4477,human_male_0714.jpg
human_male_0715,1.6488,79.17,1.0042,0.4339,human_male_0715.jpg
human_male_0716,1.8716,106.83,1.0583,0.4457,human_male_0716.jpg
human_male_0717,1.9137,141.92,1.3404,0.446,human_male_0717.jpg
human_male_0718,1.744,66.46,0.8026,0.4506,human_male_0718.jpg
human_male_0719,1.5764,80.56,1.0562,0.4475,human_male_0719.jpg
human_male_0720,1.6213,89.44,1.1215,0.4321,human_male_0720.jpg
human_male_0721,1.6925,80.05,0.9721,0.446,human_male_0721.jpg
human_male_0722,1.9063,87.86,0.9107,0.4459,human_male_0722.jpg
human_male_0723,1.6709,74.39,0.9225,0.451,human_male_0723.jpg
human_male_0724,1.6528,77.76,0.9686,0.4466,human_male_0724.jpg
human_male_0725,1.6149,77.26,1.0075,0.4336,human_male_0725.jpg
human_male_0726,1.9445,114.14,1.111,0.4459,human_male_0726.jpg
human_male_0727,1.8581,72.97,0.7909,0.4456,human_male_0727.jpg
human_male_0728,1.8319,72.18,0.7867,0.4508,human_male_0728.jpg
human_male_0729,1.7802,54.55,0.6397,0.4471,human_male_0729.jpg
human_male_0730,1.9526,95.15,0.9333,0.4348,human_male_0730.jpg
human_male_0731,1.9874,81.85,0.7896,0.4457,human_male_0731.jpg
human_male_0732,1.752,71.53,0.8371,0.4456,human_male_0732.jpg
human_male_0733,1.9316,118.19,1.1116,0.4511,human_male_0733.jpg
human_male_0734,1.9153,119.71,1.137,0.4479,human_male_0734.jpg
human_male_0735,1.9155,138.91,1.2864,0.4337,human_male_0735.jpg
human_male_0736,1.668,45.53,0.6051,0.446,human_male_0736.jpg
human_male_0737,1.8426,75.84,0.8617,0.4458,human_male_0737.jpg
human_male_0738,1.6674,55.69,0.7335,0.4506,human_male_0738.jpg
human_male_0739,1.6882,76.57,0.9579,0.4479,human_male_0739.jpg
human_male_0740,1.9473,80.94,0.8238,0.4335,human_male_0740.jpg
human_male_0741,1.6642,85.46,1.0438,0.4459,human_male_0741.jpg
human_male_0742,1.6395,68.37,0.8851,0.4456,human_male_0742.jpg
human_male_0743,1.9324,79.49,0.7995,0.4508,human_male_0743.jpg
human_male_0744,1.7159,81.44,0.9916,0.4473,human_male_0744.jpg
human_male_0745,1.824,95.83,1.0446,0.4328,human_male_0745.jpg
human_male_0746,1.889,77.25,0.8257,0.446,human_male_0746.jpg
human_male_0747,1.9658,116.4,1.0993,0.446,human_male_0747.jpg
human_male_0748,1.7449,64.58,0.7738,0.4511,human_male_0748.jpg
human_male_0749,1.8114,98.26,1.0946,0.4487,human_male_0749.jpg
human_male_0750,1.8035,100.32,1.0743,0.4342,human_male_0750.jpg
human_male_0751,1.7846,76.71,0.9021,0.4458,human_male_0751.jpg
human_male_0752,1.9452,100.42,0.9984,0.4453,human_male_0752.jpg
human_male_0753,1.816,64.26,0.7291,0.451,human_male_0753.jpg
human_male_0754,1.7357,101.13,1.1396,0.4479,human_male_0754.jpg
human_male_0755,1.6515,72.51,0.9541,0.4332,human_male_0755.jpg
human_male_0756,1.8432,113.82,1.158,0.446,human_male_0756.jpg
human_male_0757,1.5881,72.07,0.9566,0.4456,human_male_0757.jpg
human_male_0758,1.8943,61.0,0.6614,0.451,human_male_0758.jpg
human_male_0759,1.818,65.76,0.7437,0.4472,human_male_0759.jpg
human_male_0760,1.7438,104.82,1.1554,0.434,human_male_0760.jpg
human_male_0761,1.8985,129.35,1.2468,0.446,human_male_0761.jpg
human_male_0762,1.8929,74.25,0.7932,0.4458,human_male_0762.jpg
human_male_0763,1.7164,61.16,0.775,0.4509,human_male_0763.jpg
human_male_0764,1.9234,86.68,0.9086,0.4472,human_male_0764.jpg
human_male_0765,1.643,82.44,1.0274,0.4346,human_male_0765.jpg
human_male_0766,1.9426,84.49,0.8642,0.4459,human_male_0766.jpg
human_male_0767,1.6844,68.36,0.8512,0.4456,human_male_0767.jpg
human_male_0768,1.7555,96.81,1.0669,0.4505,human_male_0768.jpg
human_male_0769,1.967,76.14,0.7573,0.4488,human_male_0769.jpg
human_male_0770,1.5983,69.42,0.9183,0.4348,human_male_0770.jpg
human_male_0771,1.7286,59.13,0.7398,0.4456,human_male_0771.jpg
human_male_0772,1.6931,64.67,0.8375,0.4457,human_male_0772.jpg
human_male_0773,1.8835,117.9,1.1772,0.451,human_male_0773.jpg
human_male_0774,1.9485,142.04,1.2995,0.447,human_male_0774.jpg
human_male_0775,1.6274,80.83,1.0252,0.4336,human_male_0775.jpg
human_male_0776,1.6389,69.39,0.8757,0.4459,human_male_0776.jpg
human_male_0777,1.6041,85.03,1.0821,0.4458,human_male_0777.jpg
human_male_0778,1.8657,104.51,1.0606,0.4509,human_male_0778.jpg
human_male_0779,1.8687,66.96,0.7177,0.4475,human_male_0779.jpg
human_male_0780,1.9804,115.88,1.1237,0.4337,human_male_0780.jpg
human_male_0781,1.6702,51.06,0.6587,0.4457,human_male_0781.jpg
human_male_0782,1.6961,65.51,0.8395,0.4452,human_male_0782.jpg
human_male_0783,1.762,103.87,1.1518,0.4509,human_male_0783.jpg
human_male_0784,1.6148,75.37,0.9824,0.4479,human_male_0784.jpg
human_male_0785,1.9556,79.31,0.8073,0.4334,human_male_0785.jpg
human_male_0786,1.6302,90.91,1.1113,0.4457,human_male_0786.jpg
human_male_0787,1.9349,101.31,1.0452,0.4454,human_male_0787.jpg
human_male_0788,1.9526,103.32,0.996,0.4505,human_male_0788.jpg
human_male_0789,1.9098,134.79,1.2783,0.4483,human_male_0789.jpg
human_male_0790,1.7881,91.88,1.0099,0.4337,human_male_0790.jpg
human_male_0791,1.6139,84.3,1.0525,0.4461,human_male_0791.jpg
human_male_0792,1.7174,57.45,0.7286,0.4458,human_male_0792.jpg
human_male_0793,1.6194,90.94,1.1277,0.4508,human_male_0793.jpg
human_male_0794,1.756,104.53,1.1549,0.4478,human_male_0794.jpg
human_male_0795,1.7322,65.79,0.8375,0.4336,human_male_0795.jpg
human_male_0796,1.9405,129.92,1.2129,0.446,human_male_0796.jpg
human_male_0797,1.6184,89.37,1.1078,0.4456,human_male_0797.jpg
human_male_0798,1.8179,71.75,0.7842,0.4509,human_male_0798.jpg
human_male_0799,1.7452,53.64,0.6508,0.4482,human_male_0799.jpg
human_male_0800,1.6488,57.34,0.7531,0.4331,human_male_0800.jpg
human_male_0801,1.9706,92.93,0.8935,0.4459,human_male_0801.jpg
human_male_0802,1.6571,47.38,0.6387,0.4459,human_male_0802.jpg
human_male_0803,1.8525,121.78,1.2211,0.4512,human_male_0803.jpg
human_male_0804,1.9355,87.98,0.9042,0.4474,human_male_0804.jpg
human_male_0805,1.7642,75.5,0.9012,0.4337,human_male_0805.jpg
human_male_0806,1.8021,90.35,0.992,0.4458,human_male_0806.jpg
human_male_0807,1.7935,100.42,1.1215,0.4457,human_male_0807.jpg
human_male_0808,1.7247,79.46,0.9327,0.4508,human_male_0808.jpg
human_male_0809,1.8783,67.97,0.7021,0.4486,human_male_0809.jpg
human_male_0810,1.7659,83.06,0.9487,0.4342,human_male_0810.jpg
human_male_0811,1.7154,55.82,0.7065,0.4458,human_male_0811.jpg
human_male_0812,1.8396,96.19,1.0499,0.4456,human_male_0812.jpg
human_male_0813,1.8426,68.45,0.7425,0.451,human_male_0813.jpg
human_male_0814,1.633,57.54,0.7842,0.4483,human_male_0814.jpg
human_male_0815,1.8863,66.6,0.7288,0.4333,human_male_0815.jpg
human_male_0816,1.676,89.66,1.0583,0.4461,human_male_0816.jpg
human_male_0817,1.7525,82.02,0.9372,0.4453,human_male_0817.jpg
human_male_0818,1.6012,83.01,1.0567,0.4508,human_male_0818.jpg
human_male_0819,1.6168,71.9,0.9424,0.4475,human_male_0819.jpg
human_male_0820,1.9103,75.71,0.7863,0.4322,human_male_0820.jpg
human_male_0821,1.9726,81.07,0.8238,0.4459,human_male_0821.jpg
human_male_0822,1.7711,103.4,1.1555,0.4456,human_male_0822.jpg
human_male_0823,1.9983,83.88,0.7992,0.4507,human_male_0823.jpg
human_male_0824,1.931,122.8,1.1954,0.4482,human_male_0824.jpg
human_male_0825,1.9021,89.68,0.9447,0.4336,human_male_0825.jpg
human_male_0826,1.8453,91.18,0.9752,0.4456,human_male_0826.jpg
human_male_0827,1.883,82.49,0.8676,0.4454,human_male_0827.jpg
human_male_0828,1.6521,77.69,0.9907,0.451,human_male_0828.jpg
human_male_0829,1.8067,115.56,1.2423,0.4475,human_male_0829.jpg
human_male_0830,1.6801,44.49,0.6009,0.4337,human_male_0830.jpg
human_male_0831,1.8796,69.93,0.7585,0.4459,human_male_0831.jpg
human_male_0832,1.6288,60.88,0.8207,0.4459,human_male_0832.jpg
human_male_0833,1.774,58.48,0.6595,0.4508,human_male_0833.jpg
human_male_0834,1.7589,71.38,0.8512,0.4478,human_male_0834.jpg
human_male_0835,1.9035,135.76,1.2824,0.4331,human_male_0835.jpg
human_male_0836,1.6298,77.57,0.9992,0.4459,human_male_0836.jpg
human_male_0837,1.9248,75.6,0.7663,0.4458,human_male_0837.jpg
human_male_0838,1.7615,119.65,1.2617,0.4509,human_male_0838.jpg
human_male_0839,1.9419,126.84,1.2113,0.4471,human_male_0839.jpg
human_male_0840,1.7385,79.26,0.9336,0.4335,human_male_0840.jpg
human_male_0841,1.9028,91.88,0.9485,0.4457,human_male_0841.jpg
human_male_0842,1.8606,107.93,1.128,0.4455,human_male_0842.jpg
human_male_0843,1.6597,87.57,1.052,0.4509,human_male_0843.jpg
human_male_0844,1.5962,80.72,1.0376,0.4477,human_male_0844.jpg
human_male_0845,1.7617,96.52,1.0819,0.4343,human_male_0845.jpg
human_male_0846,1.9922,74.73,0.6937,0.446,human_male_0846.jpg
human_male_0847,1.9975,80.51,0.7929,0.4459,human_male_0847.jpg
human_male_0848,1.8894,65.03,0.7066,0.4511,human_male_0848.jpg
human_male_0849,1.8911,100.73,1.0446,0.4471,human_male_0849.jpg
human_male_0850,1.7694,71.68,0.8588,0.4335,human_male_0850.jpg
human_male_0851,1.9143,77.58,0.8192,0.4457,human_male_0851.jpg
human_male_0852,1.7472,105.43,1.1693,0.4457,human_male_0852.jpg
human_male_0853,1.6403,61.96,0.8086,0.4506,human_male_0853.jpg
human_male_0854,1.8864,81.87,0.867,0.4473,human_male_0854.jpg
human_male_0855,1.6911,93.39,1.0914,0.4322,human_male_0855.jpg
human_male_0856,1.9647,125.54,1.2085,0.4458,human_male_0856.jpg
human_male_0857,1.8564,64.49,0.714,0.4452,human_male_0857.jpg
human_male_0858,1.8287,81.67,0.8902,0.451,human_male_0858.jpg
human_male_0859,1.879,108.07,1.1094,0.4476,human_male_0859.jpg
human_male_0860,1.6836,64.31,0.8089,0.4341,human_male_0860.jpg
human_male_0861,1.6577,82.75,0.9988,0.4457,human_male_0861.jpg
human_male_0862,1.7809,78.02,0.8935,0.4454,human_male_0862.jpg
human_male_0863,1.7724,90.37,1.0046,0.4509,human_male_0863.jpg
human_male_0864,1.7746,80.05,0.9268,0.4476,human_male_0864.jpg
human_male_0865,1.6983,67.96,0.8455,0.4339,human_male_0865.jpg
human_male_0866,1.7683,81.54,0.9663,0.4459,human_male_0866.jpg
human_male_0867,1.7453,98.73,1.1276,0.4459,human_male_0867.jpg
human_male_0868,1.6153,91.56,1.1068,0.4507,human_male_0868.jpg
human_male_0869,1.6508,46.55,0.6242,0.4487,human_male_0869.jpg
human_male_0870,1.8762,98.09,1.0308,0.4319,human_male_0870.jpg
human_male_0871,1.775,98.62,1.0866,0.4459,human_male_0871.jpg
human_male_0872,1.681,78.78,0.9573,0.4458,human_male_0872.jpg
human_male_0873,1.9206,103.72,1.0638,0.451,human_male_0873.jpg
human_male_0874,1.8313,106.69,1.129,0.4486,human_male_0874.jpg
human_male_0875,1.6831,72.35,0.9104,0.4321,human_male_0875.jpg
human_male_0876,1.771,62.32,0.7373,0.4457,human_male_0876.jpg
human_male_0877,1.6194,70.08,0.9299,0.4458,human_male_0877.jpg
human_male_0878,1.9185,102.41,1.0278,0.451,human_male_0878.jpg
human_male_0879,1.6564,90.16,1.1212,0.4472,human_male_0879.jpg
human_male_0880,1.7421,104.72,1.2025,0.4336,human_male_0880.jpg
human_male_0881,1.8349,71.24,0.774,0.4456,human_male_0881.jpg
human_male_0882,1.5852,78.57,1.0177,0.4454,human_male_0882.jpg
human_male_0883,1.8215,72.08,0.8216,0.4511,human_male_0883.jpg
human_male_0884,1.9134,85.28,0.8896,0.4482,human_male_0884.jpg
human_male_0885,1.7525,67.11,0.8312,0.4326,human_male_0885.jpg
human_male_0886,1.9249,66.73,0.7032,0.4455,human_male_0886.jpg
human_male_0887,1.8582,125.07,1.2726,0.4456,human_male_0887.jpg
human_male_0888,1.614,51.94,0.7048,0.4511,human_male_0888.jpg
human_male_0889,2.0011,80.46,0.7702,0.4467,human_male_0889.jpg
human_male_0890,1.8335,99.73,1.0579,0.4329,human_male_0890.jpg
human_male_0891,1.7032,79.61,0.9829,0.446,human_male_0891.jpg
human_male_0892,1.6559,59.22,0.7806,0.4456,human_male_0892.jpg
human_male_0893,1.635,68.97,0.8781,0.4507,human_male_0893.jpg
human_male_0894,1.6873,59.51,0.747,0.4479,human_male_0894.jpg
human_male_0895,1.8459,66.79,0.7464,0.4335,human_male_0895.jpg
human_male_0896,1.726,68.4,0.8645,0.4457,human_male_0896.jpg
human_male_0897,1.8953,102.76,1.0495,0.4456,human_male_0897.jpg
human_male_0898,1.6726,79.09,0.9679,0.4508,human_male_0898.jpg
human_male_0899,1.7335,87.17,1.0048,0.4478,human_male_0899.jpg
human_male_0900,1.6487,74.66,0.9671,0.4333,human_male_0900.jpg
human_male_0901,1.695,85.58,1.0133,0.446,human_male_0901.jpg
human_male_0902,1.7543,105.52,1.1566,0.4456,human_male_0902.jpg
human_male_0903,1.8644,104.44,1.0705,0.451,human_male_0903.jpg
human_male_0904,1.7102,99.94,1.1441,0.4477,human_male_0904.jpg
human_male_0905,1.7417,61.41,0.7734,0.433,human_male_0905.jpg
human_male_0906,1.9392,82.55,0.8351,0.4455,human_male_0906.jpg
human_male_0907,1.9056,98.83,0.9833,0.4457,human_male_0907.jpg
human_male_0908,1.9618,85.31,0.8725,0.4511,human_male_0908.jpg
human_male_0909,1.8522,122.9,1.2466,0.4487,human_male_0909.jpg
human_male_0910,1.6894,100.51,1.1938,0.4339,human_male_0910.jpg
human_male_0911,1.8116,119.41,1.2752,0.4458,human_male_0911.jpg
human_male_0912,1.6311,93.79,1.147,0.4458,human_male_0912.jpg
human_male_0913,1.8818,73.84,0.8121,0.4509,human_male_0913.jpg
human_male_0914,1.7721,65.62,0.7693,0.4471,human_male_0914.jpg
human_male_0915,1.6755,55.36,0.7205,0.4333,human_male_0915.jpg
human_male_0916,1.7543,110.52,1.2053,0.4461,human_male_0916.jpg
human_male_0917,1.7217,83.08,0.9972,0.4458,human_male_0917.jpg
human_male_0918,1.6831,67.41,0.8529,0.4509,human_male_0918.jpg
human_male_0919,1.7007,73.64,0.9066,0.4478,human_male_0919.jpg
human_male_0920,1.7635,57.24,0.7022,0.4346,human_male_0920.jpg
human_male_0921,1.8415,95.48,1.0296,0.4461,human_male_0921.jpg
human_male_0922,1.8249,123.15,1.2418,0.4458,human_male_0922.jpg
human_male_0923,1.8694,124.83,1.2072,0.4509,human_male_0923.jpg
human_male_0924,1.6788,58.9,0.7379,0.4482,human_male_0924.jpg
human_male_0925,1.6478,85.98,1.0736,0.4334,human_male_0925.jpg
human_male_0926,1.7468,99.95,1.1352,0.4459,human_male_0926.jpg
human_male_0927,1.908,79.22,0.8195,0.4461,human_male_0927.jpg
human_male_0928,1.9182,71.59,0.7442,0.451,human_male_0928.jpg
human_male_0929,1.7493,101.45,1.1326,0.4486,human_male_0929.jpg
human_male_0930,1.9112,113.98,1.1066,0.4326,human_male_0930.jpg
human_male_0931,1.7315,93.22,1.0818,0.4459,human_male_0931.jpg
human_male_0932,1.6763,67.38,0.8461,0.4454,human_male_0932.jpg
human_male_0933,1.7668,98.29,1.1103,0.451,human_male_0933.jpg
human_male_0934,1.8546,74.11,0.836,0.4476,human_male_0934.jpg
human_male_0935,1.9002,70.04,0.7372,0.4346,human_male_0935.jpg
human_male_0936,1.8008,56.35,0.6548,0.4461,human_male_0936.jpg
human_male_0937,1.862,69.71,0.7652,0.4456,human_male_0937.jpg
human_male_0938,1.8927,62.14,0.6665,0.4508,human_male_0938.jpg
human_male_0939,1.7185,65.61,0.825,0.448,human_male_0939.jpg
human_male_0940,1.7767,77.62,0.907,0.4328,human_male_0940.jpg
human_male_0941,1.7496,75.6,0.8726,0.446,human_male_0941.jpg
human_male_0942,1.6716,55.84,0.7217,0.4454,human_male_0942.jpg
human_male_0943,1.6987,95.21,1.1303,0.4507,human_male_0943.jpg
human_male_0944,1.7959,80.72,0.8839,0.4485,human_male_0944.jpg
human_male_0945,1.8318,106.81,1.1164,0.4341,human_male_0945.jpg
human_male_0946,1.9315,69.62,0.7297,0.4458,human_male_0946.jpg
human_male_0947,1.9609,77.85,0.7723,0.4459,human_male_0947.jpg
human_male_0948,1.9572,96.16,0.9343,0.4509,human_male_0948.jpg
human_male_0949,1.7815,69.47,0.822,0.4479,human_male_0949.jpg
human_male_0950,1.8942,119.54,1.2052,0.4326,human_male_0950.jpg
human_male_0951,1.8211,62.64,0.7044,0.4461,human_male_0951.jpg
human_male_0952,1.9513,87.79,0.9145,0.4459,human_male_0952.jpg
human_male_0953,1.7296,67.95,0.8016,0.4507,human_male_0953.jpg
human_male_0954,1.7876,108.12,1.1546,0.4479,human_male_0954.jpg
human_male_0955,1.8533,84.88,0.9405,0.4338,human_male_0955.jpg
human_male_0956,1.7687,58.3,0.6788,0.4459,human_male_0956.jpg
human_male_0957,1.9029,107.08,1.0779,0.4455,human_male_0957.jpg
human_male_0958,1.7112,81.05,0.9469,0.4508,human_male_0958.jpg
human_male_0959,1.6502,91.58,1.0929,0.4473,human_male_0959.jpg
human_male_0960,1.823,87.72,0.9698,0.4346,human_male_0960.jpg
human_male_0961,1.9215,77.02,0.8252,0.4459,human_male_0961.jpg
human_male_0962,1.9185,64.49,0.6739,0.4451,human_male_0962.jpg
human_male_0963,1.7031,91.95,1.0708,0.4507,human_male_0963.jpg
human_male_0964,1.7087,59.63,0.7653,0.4483,human_male_0964.jpg
human_male_0965,1.6988,80.01,0.9651,0.433,human_male_0965.jpg
human_male_0966,1.8717,83.09,0.869,0.4461,human_male_0966.jpg
human_male_0967,1.7944,100.17,1.101,0.4453,human_male_0967.jpg
human_male_0968,1.5948,82.15,1.0534,0.4509,human_male_0968.jpg
human_male_0969,1.6239,85.32,1.0731,0.4482,human_male_0969.jpg
human_male_0970,1.8656,83.03,0.8982,0.4334,human_male_0970.jpg
human_male_0971,1.8689,115.67,1.1636,0.4459,human_male_0971.jpg
human_male_0972,1.6754,59.16,0.7914,0.4456,human_male_0972.jpg
human_male_0973,1.8502,109.32,1.1335,0.4507,human_male_0973.jpg
human_male_0974,1.7668,84.62,0.9787,0.4473,human_male_0974.jpg
human_male_0975,1.7645,77.71,0.9017,0.4334,human_male_0975.jpg
human_male_0976,1.867,99.1,1.0194,0.446,human_male_0976.jpg
human_male_0977,1.7234,100.11,1.1348,0.4459,human_male_0977.jpg
human_male_0978,1.5699,78.88,1.0434,0.4509,human_male_0978.jpg
human_male_0979,1.6525,77.5,0.9608,0.4476,human_male_0979.jpg
human_male_0980,1.7501,52.39,0.634,0.4317,human_male_0980.jpg
human_male_0981,1.8134,81.06,0.8972,0.4458,human_male_0981.jpg
human_male_0982,1.7575,95.44,1.0722,0.445,human_male_0982.jpg
human_male_0983,1.6857,54.22,0.6816,0.451,human_male_0983.jpg
human_male_0984,1.7029,62.0,0.7917,0.4487,human_male_0984.jpg
human_male_0985,1.6505,72.18,0.9124,0.4332,human_male_0985.jpg
human_male_0986,1.6921,77.56,0.9592,0.446,human_male_0986.jpg
human_male_0987,1.6542,82.8,1.042,0.4453,human_male_0987.jpg
human_male_0988,1.9,105.61,1.085,0.4509,human_male_0988.jpg
human_male_0989,1.6874,60.82,0.8029,0.4469,human_male_0989.jpg
human_male_0990,1.7672,63.36,0.7519,0.4323,human_male_0990.jpg
human_male_0991,1.7606,59.43,0.7343,0.4459,human_male_0991.jpg
human_male_0992,1.9223,131.63,1.26,0.4458,human_male_0992.jpg
human_male_0993,1.9513,84.23,0.8497,0.4509,human_male_0993.jpg
human_male_0994,1.9781,85.91,0.8646,0.4481,human_male_0994.jpg
human_male_0995,1.7627,70.35,0.8412,0.4332,human_male_0995.jpg
human_male_0996,1.8256,70.97,0.7953,0.4457,human_male_0996.jpg
human_male_0997,1.9405,105.32,1.0347,0.4456,human_male_0997.jpg
human_male_0998,1.8737,109.85,1.1237,0.4511,human_male_0998.jpg
human_male_0999,1.5761,82.34,1.0705,0.4474,human_male_0999.jpg
human_male_1000,1.6796,67.21,0.8492,0.4329,human_male_1000.jpg
