id,estatura_m,peso_kg,perimetro_cadera_m,anchura_hombros_m,image_file
human_female_0001,1.6916,51.83,0.8306,0.365,human_female_0001.jpg
human_female_0002,1.6486,83.37,1.1256,0.3636,human_female_0002.jpg
human_female_0003,1.6966,52.13,0.8319,0.3627,human_female_0003.jpg
human_female_0004,1.5047,46.8,0.8407,0.3319,human_female_0004.jpg
human_female_0005,1.742,113.35,1.305,0.3648,human_female_0005.jpg
human_female_0006,1.5238,44.54,0.8354,0.3641,human_female_0006.jpg
human_female_0007,1.6169,77.86,1.0968,0.3613,human_female_0007.jpg
human_female_0008,1.6221,72.26,1.0127,0.3306,human_female_0008.jpg
human_female_0009,1.6039,81.52,1.1279,0.3648,human_female_0009.jpg
human_female_0010,1.719,101.35,1.2274,0.3635,human_female_0010.jpg
human_female_0011,1.6213,66.26,1.004,0.3622,human_female_0011.jpg
human_female_0012,1.7327,51.02,0.7635,0.3324,human_female_0012.jpg
human_female_0013,1.7737,119.57,1.3284,0.3646,human_female_0013.jpg
human_female_0014,1.6662,49.4,0.8259,0.3638,human_female_0014.jpg
human_female_0015,1.5035,64.63,1.0248,0.3616,human_female_0015.jpg
human_female_0016,1.5017,56.0,0.9353,0.3316,human_female_0016.jpg
human_female_0017,1.6469,67.82,0.9794,0.3649,human_female_0017.jpg
human_female_0018,1.6372,50.42,0.8468,0.3633,human_female_0018.jpg
human_female_0019,1.6166,74.38,1.0684,0.3604,human_female_0019.jpg
human_female_0020,1.6947,81.34,1.0434,0.3311,human_female_0020.jpg
human_female_0021,1.6974,108.04,1.2681,0.3648,human_female_0021.jpg
human_female_0022,1.5417,39.36,0.7748,0.3625,human_female_0022.jpg
human_female_0023,1.5759,77.28,1.1066,0.3615,human_female_0023.jpg
human_female_0024,1.4964,43.86,0.822,0.3312,human_female_0024.jpg
human_female_0025,1.4886,48.79,0.8942,0.3645,human_female_0025.jpg
human_female_0026,1.4996,51.51,0.9168,0.3636,human_female_0026.jpg
human_female_0027,1.7163,95.64,1.1852,0.3628,human_female_0027.jpg
human_female_0028,1.6858,102.47,1.2069,0.3303,human_female_0028.jpg
human_female_0029,1.6472,92.32,1.1902,0.3654,human_female_0029.jpg
human_female_0030,1.669,71.66,1.0244,0.3634,human_female_0030.jpg
human_female_0031,1.8267,76.73,0.9955,0.3625,human_female_0031.jpg
human_female_0032,1.776,88.47,1.0518,0.3304,human_female_0032.jpg
human_female_0033,1.8043,69.66,0.9315,0.3649,human_female_0033.jpg
human_female_0034,1.5197,75.94,1.1241,0.3625,human_female_0034.jpg
human_female_0035,1.7427,104.57,1.2333,0.361,human_female_0035.jpg
human_female_0036,1.4757,46.85,0.8715,0.3304,human_female_0036.jpg
human_female_0037,1.7709,124.71,1.3572,0.3646,human_female_0037.jpg
human_female_0038,1.6953,91.8,1.1735,0.3629,human_female_0038.jpg
human_female_0039,1.5581,100.13,1.2856,0.3607,human_female_0039.jpg
human_female_0040,1.7282,49.43,0.7569,0.332,human_female_0040.jpg
human_female_0041,1.7883,53.03,0.7995,0.3647,human_female_0041.jpg
human_female_0042,1.7451,76.32,1.0205,0.3635,human_female_0042.jpg
human_female_0043,1.6105,47.97,0.8272,0.3612,human_female_0043.jpg
human_female_0044,1.628,81.01,1.098,0.3299,human_female_0044.jpg
human_female_0045,1.5652,41.13,0.7871,0.3648,human_female_0045.jpg
human_female_0046,1.6363,56.28,0.8894,0.3638,human_female_0046.jpg
human_female_0047,1.4613,82.1,1.1838,0.3618,human_female_0047.jpg
human_female_0048,1.6589,100.3,1.2212,0.3294,human_female_0048.jpg
human_female_0049,1.6494,65.51,0.9877,0.3645,human_female_0049.jpg
human_female_0050,1.6407,106.81,1.2861,0.3638,human_female_0050.jpg
human_female_0051,1.641,92.54,1.1988,0.3622,human_female_0051.jpg
human_female_0052,1.7697,114.52,1.2605,0.3321,human_female_0052.jpg
human_female_0053,1.6217,104.48,1.2933,0.3652,human_female_0053.jpg
human_female_0054,1.6048,62.71,0.9593,0.3635,human_female_0054.jpg
human_female_0055,1.572,68.28,1.0295,0.3611,human_female_0055.jpg
human_female_0056,1.5838,69.68,1.0119,0.331,human_female_0056.jpg
human_female_0057,1.6348,54.73,0.883,0.3647,human_female_0057.jpg
human_female_0058,1.7016,65.26,0.9382,0.3634,human_female_0058.jpg
human_female_0059,1.6033,41.99,0.7961,0.3611,human_female_0059.jpg
human_female_0060,1.5818,91.14,1.2142,0.331,human_female_0060.jpg
human_female_0061,1.7794,108.44,1.2568,0.3648,human_female_0061.jpg
human_female_0062,1.7426,88.87,1.1219,0.3634,human_female_0062.jpg
human_female_0063,1.6365,42.38,0.7726,0.3621,human_female_0063.jpg
human_female_0064,1.5752,74.64,1.0664,0.3311,human_female_0064.jpg
human_female_0065,1.6689,68.79,1.0055,0.365,human_female_0065.jpg
human_female_0066,1.5554,63.2,0.998,0.3636,human_female_0066.jpg
human_female_0067,1.5101,46.14,0.8612,0.3626,human_female_0067.jpg
human_female_0068,1.5789,66.61,1.0038,0.3311,human_female_0068.jpg
human_female_0069,1.4826,52.1,0.9164,0.3646,human_female_0069.jpg
human_female_0070,1.7406,56.18,0.8579,0.3647,human_female_0070.jpg
human_female_0071,1.5143,46.97,0.8627,0.3617,human_female_0071.jpg
human_female_0072,1.5445,33.88,0.6706,0.33,human_female_0072.jpg
human_female_0073,1.6772,61.3,0.9251,0.3655,human_female_0073.jpg
human_female_0074,1.6332,73.11,1.051,0.3647,human_female_0074.jpg
human_female_0075,1.7735,80.97,1.052,0.3624,human_female_0075.jpg
human_female_0076,1.5969,68.17,0.9911,0.3311,human_female_0076.jpg
human_female_0077,1.7948,63.82,0.8855,0.3656,human_female_0077.jpg
human_female_0078,1.6032,96.94,1.2556,0.3635,human_female_0078.jpg
human_female_0079,1.605,59.24,0.9317,0.3621,human_female_0079.jpg
human_female_0080,1.6073,91.16,1.1924,0.3307,human_female_0080.jpg
human_female_0081,1.6733,80.98,1.085,0.3653,human_female_0081.jpg
human_female_0082,1.6707,83.44,1.1136,0.3643,human_female_0082.jpg
human_female_0083,1.5418,65.54,1.0208,0.3619,human_female_0083.jpg
human_female_0084,1.5146,40.59,0.771,0.3324,human_female_0084.jpg
human_female_0085,1.7317,103.48,1.214,0.3649,human_female_0085.jpg
human_female_0086,1.7752,105.74,1.2189,0.3628,human_female_0086.jpg
human_female_0087,1.4987,84.63,1.19,0.3613,human_female_0087.jpg
human_female_0088,1.7153,66.23,0.9108,0.3302,human_female_0088.jpg
human_female_0089,1.8242,61.13,0.8432,0.3638,human_female_0089.jpg
human_female_0090,1.6614,62.43,0.9274,0.3631,human_female_0090.jpg
human_female_0091,1.6265,67.28,1.001,0.3607,human_female_0091.jpg
human_female_0092,1.718,50.64,0.7656,0.3322,human_female_0092.jpg
human_female_0093,1.6225,38.99,0.7545,0.3643,human_female_0093.jpg
human_female_0094,1.5741,77.99,1.1181,0.3626,human_female_0094.jpg
human_female_0095,1.553,37.99,0.759,0.3627,human_female_0095.jpg
human_female_0096,1.5692,38.96,0.7302,0.3324,human_female_0096.jpg
human_female_0097,1.5268,88.34,1.2165,0.3647,human_female_0097.jpg
human_female_0098,1.6623,52.54,0.868,0.3641,human_female_0098.jpg
human_female_0099,1.7458,51.96,0.8322,0.362,human_female_0099.jpg
human_female_0100,1.8121,72.45,0.9256,0.3322,human_female_0100.jpg
human_female_0101,1.7733,102.85,1.2152,0.3654,human_female_0101.jpg
human_female_0102,1.8041,103.67,1.2138,0.3629,human_female_0102.jpg
human_female_0103,1.5212,38.52,0.8023,0.3616,human_female_0103.jpg
human_female_0104,1.7618,66.94,0.8902,0.3314,human_female_0104.jpg
human_female_0105,1.6271,41.81,0.763,0.3652,human_female_0105.jpg
human_female_0106,1.6909,72.04,1.0136,0.363,human_female_0106.jpg
human_female_0107,1.5126,30.13,0.7158,0.3618,human_female_0107.jpg
human_female_0108,1.5149,36.77,0.716,0.3313,human_female_0108.jpg
human_female_0109,1.6361,51.37,0.8393,0.3653,human_female_0109.jpg
human_female_0110,1.8074,63.21,0.8806,0.3638,human_female_0110.jpg
human_female_0111,1.5288,61.15,0.999,0.362,human_female_0111.jpg
human_female_0112,1.4786,77.53,1.1393,0.3318,human_female_0112.jpg
human_female_0113,1.5398,46.68,0.8388,0.3648,human_female_0113.jpg
human_female_0114,1.6009,40.51,0.7895,0.3652,human_female_0114.jpg
human_female_0115,1.4475,72.31,1.1124,0.3609,human_female_0115.jpg
human_female_0116,1.7148,78.47,1.0181,0.333,human_female_0116.jpg
human_female_0117,1.7364,68.22,0.9474,0.3655,human_female_0117.jpg
human_female_0118,1.817,66.6,0.9226,0.3636,human_female_0118.jpg
human_female_0119,1.6869,113.68,1.3313,0.3623,human_female_0119.jpg
human_female_0120,1.7322,83.78,1.0673,0.3312,human_female_0120.jpg
human_female_0121,1.7928,108.75,1.2381,0.3649,human_female_0121.jpg
human_female_0122,1.6147,95.65,1.2348,0.3628,human_female_0122.jpg
human_female_0123,1.6641,69.79,1.0062,0.3628,human_female_0123.jpg
human_female_0124,1.6093,52.14,0.8486,0.3313,human_female_0124.jpg
human_female_0125,1.6892,52.22,0.8462,0.3648,human_female_0125.jpg
human_female_0126,1.5442,54.93,0.9338,0.3637,human_female_0126.jpg
human_female_0127,1.4748,40.94,0.8212,0.361,human_female_0127.jpg
human_female_0128,1.7248,68.79,0.9362,0.3307,human_female_0128.jpg
human_female_0129,1.5719,59.27,0.9475,0.364,human_female_0129.jpg
human_female_0130,1.7735,54.04,0.8289,0.3631,human_female_0130.jpg
human_female_0131,1.7443,74.06,1.0132,0.3617,human_female_0131.jpg
human_female_0132,1.8013,70.64,0.9044,0.3304,human_female_0132.jpg
human_female_0133,1.5052,31.86,0.7295,0.3657,human_female_0133.jpg
human_female_0134,1.5275,50.28,0.897,0.363,human_female_0134.jpg
human_female_0135,1.7199,53.74,0.838,0.3616,human_female_0135.jpg
human_female_0136,1.5427,55.29,0.9287,0.3323,human_female_0136.jpg
human_female_0137,1.7469,92.21,1.1334,0.3656,human_female_0137.jpg
human_female_0138,1.6513,52.12,0.8647,0.3645,human_female_0138.jpg
human_female_0139,1.6835,114.38,1.3315,0.3601,human_female_0139.jpg
human_female_0140,1.758,93.22,1.1345,0.331,human_female_0140.jpg
human_female_0141,1.5663,86.32,1.1986,0.3641,human_female_0141.jpg
human_female_0142,1.6294,43.02,0.779,0.3635,human_female_0142.jpg
human_female_0143,1.6585,88.6,1.1587,0.3614,human_female_0143.jpg
human_female_0144,1.5678,65.34,0.9903,0.3308,human_female_0144.jpg
human_female_0145,1.6996,114.83,1.3192,0.3648,human_female_0145.jpg
human_female_0146,1.691,57.77,0.8982,0.3639,human_female_0146.jpg
human_female_0147,1.6971,65.2,0.9572,0.3618,human_female_0147.jpg
human_female_0148,1.6885,58.47,0.8603,0.3319,human_female_0148.jpg
human_female_0149,1.8017,86.03,1.0733,0.365,human_female_0149.jpg
human_female_0150,1.5038,69.53,1.0691,0.362,human_female_0150.jpg
human_female_0151,1.504,74.67,1.1228,0.3627,human_female_0151.jpg
human_female_0152,1.6773,108.65,1.2954,0.3315,human_female_0152.jpg
human_female_0153,1.6136,51.81,0.8756,0.3639,human_female_0153.jpg
human_female_0154,1.8244,63.0,0.8412,0.3639,human_female_0154.jpg
human_female_0155,1.4877,67.55,1.0509,0.3622,human_female_0155.jpg
human_female_0156,1.7156,94.04,1.1455,0.3318,human_female_0156.jpg
human_female_0157,1.7292,106.37,1.2498,0.3653,human_female_0157.jpg
human_female_0158,1.5428,94.53,1.2484,0.3624,human_female_0158.jpg
human_female_0159,1.6669,57.28,0.8843,0.3619,human_female_0159.jpg
human_female_0160,1.7386,71.05,0.9533,0.3319,human_female_0160.jpg
human_female_0161,1.6033,83.65,1.1513,0.3645,human_female_0161.jpg
human_female_0162,1.4541,58.88,1.0017,0.3631,human_female_0162.jpg
human_female_0163,1.651,84.26,1.1127,0.3617,human_female_0163.jpg
human_female_0164,1.5083,33.77,0.7076,0.3306,human_female_0164.jpg
human_female_0165,1.8272,59.26,0.8156,0.3649,human_female_0165.jpg
human_female_0166,1.6595,49.69,0.8257,0.3634,human_female_0166.jpg
human_female_0167,1.5331,35.35,0.7331,0.3621,human_female_0167.jpg
human_female_0168,1.4809,57.84,0.9775,0.3314,human_female_0168.jpg
human_female_0169,1.4835,31.43,0.7319,0.365,human_female_0169.jpg
human_female_0170,1.5698,33.97,0.7197,0.3629,human_female_0170.jpg
human_female_0171,1.7464,112.4,1.285,0.3623,human_female_0171.jpg
human_female_0172,1.5731,62.48,0.9648,0.3305,human_female_0172.jpg
human_female_0173,1.5741,101.42,1.2886,0.3651,human_female_0173.jpg
human_female_0174,1.6837,100.0,1.224,0.3632,human_female_0174.jpg
human_female_0175,1.7429,113.29,1.2971,0.3604,human_female_0175.jpg
human_female_0176,1.6698,85.8,1.0972,0.3311,human_female_0176.jpg
human_female_0177,1.627,84.52,1.1392,0.3649,human_female_0177.jpg
human_female_0178,1.4896,40.43,0.822,0.3634,human_female_0178.jpg
human_female_0179,1.5945,97.95,1.2619,0.3616,human_female_0179.jpg
human_female_0180,1.467,80.63,1.1756,0.3308,human_female_0180.jpg
human_female_0181,1.5994,94.72,1.236,0.3652,human_female_0181.jpg
human_female_0182,1.7835,89.28,1.1104,0.3634,human_female_0182.jpg
human_female_0183,1.6646,57.37,0.8942,0.361,human_female_0183.jpg
human_female_0184,1.7366,50.03,0.7423,0.3311,human_female_0184.jpg
human_female_0185,1.5992,57.8,0.9299,0.3653,human_female_0185.jpg
human_female_0186,1.6621,94.72,1.2023,0.3638,human_female_0186.jpg
human_female_0187,1.6458,44.19,0.7633,0.3614,human_female_0187.jpg
human_female_0188,1.6777,53.67,0.8335,0.3323,human_female_0188.jpg
human_female_0189,1.8131,81.32,1.0115,0.3637,human_female_0189.jpg
human_female_0190,1.7656,84.68,1.0636,0.3647,human_female_0190.jpg
human_female_0191,1.73,52.95,0.8227,0.3623,human_female_0191.jpg
human_female_0192,1.6539,74.03,1.0142,0.3309,human_female_0192.jpg
human_female_0193,1.7092,55.55,0.863,0.3643,human_female_0193.jpg
human_female_0194,1.6086,83.88,1.1585,0.3635,human_female_0194.jpg
human_female_0195,1.5012,77.91,1.1416,0.3605,human_female_0195.jpg
human_female_0196,1.5464,64.74,0.9905,0.3302,human_female_0196.jpg
human_female_0197,1.5457,44.65,0.8388,0.3649,human_female_0197.jpg
human_female_0198,1.5121,63.58,1.0187,0.3636,human_female_0198.jpg
human_female_0199,1.5615,83.44,1.1629,0.3608,human_female_0199.jpg
human_female_0200,1.7807,63.16,0.8743,0.3302,human_female_0200.jpg
human_female_0201,1.8304,64.77,0.8726,0.3639,human_female_0201.jpg
human_female_0202,1.7672,51.04,0.8036,0.3645,human_female_0202.jpg
human_female_0203,1.6635,48.25,0.8094,0.3617,human_female_0203.jpg
human_female_0204,1.7642,123.93,1.2883,0.3323,human_female_0204.jpg
human_female_0205,1.6485,53.6,0.8719,0.3644,human_female_0205.jpg
human_female_0206,1.5066,44.35,0.8432,0.3641,human_female_0206.jpg
human_female_0207,1.7088,52.31,0.8273,0.3618,human_female_0207.jpg
human_female_0208,1.7977,111.37,1.2071,0.3305,human_female_0208.jpg
human_female_0209,1.6521,59.34,0.9087,0.3645,human_female_0209.jpg
human_female_0210,1.6744,79.97,1.0843,0.3641,human_female_0210.jpg
human_female_0211,1.6044,96.42,1.2426,0.3612,human_female_0211.jpg
human_female_0212,1.6638,59.04,0.8539,0.3316,human_female_0212.jpg
human_female_0213,1.6183,96.73,1.2478,0.3642,human_female_0213.jpg
human_female_0214,1.7306,105.25,1.2485,0.3641,human_female_0214.jpg
human_female_0215,1.8155,85.78,1.0621,0.361,human_female_0215.jpg
human_female_0216,1.6275,78.11,1.0521,0.332,human_female_0216.jpg
human_female_0217,1.6218,58.27,0.9156,0.3645,human_female_0217.jpg
human_female_0218,1.5663,32.41,0.6923,0.3633,human_female_0218.jpg
human_female_0219,1.7157,56.97,0.8748,0.3618,human_female_0219.jpg
human_female_0220,1.5297,28.95,0.6263,0.3319,human_female_0220.jpg
human_female_0221,1.6808,67.79,0.9698,0.3658,human_female_0221.jpg
human_female_0222,1.5145,52.97,0.9086,0.3637,human_female_0222.jpg
human_female_0223,1.7092,101.96,1.2405,0.3624,human_female_0223.jpg
human_female_0224,1.6788,101.12,1.2203,0.3312,human_female_0224.jpg
human_female_0225,1.7889,56.41,0.805,0.3638,human_female_0225.jpg
human_female_0226,1.6829,66.6,0.9715,0.3627,human_female_0226.jpg
human_female_0227,1.5291,49.34,0.9055,0.3599,human_female_0227.jpg
human_female_0228,1.6839,70.99,0.995,0.3316,human_female_0228.jpg
human_female_0229,1.7704,86.97,1.1114,0.3654,human_female_0229.jpg
human_female_0230,1.7766,93.91,1.1304,0.3632,human_female_0230.jpg
human_female_0231,1.549,39.66,0.7844,0.3606,human_female_0231.jpg
human_female_0232,1.5657,86.59,1.1857,0.3311,human_female_0232.jpg
human_female_0233,1.6115,51.85,0.8645,0.3639,human_female_0233.jpg
human_female_0234,1.7738,92.38,1.1167,0.3633,human_female_0234.jpg
human_female_0235,1.6144,58.37,0.913,0.3612,human_female_0235.jpg
human_female_0236,1.672,66.38,0.9517,0.3296,human_female_0236.jpg
human_female_0237,1.7669,95.52,1.1573,0.3652,human_female_0237.jpg
human_female_0238,1.6458,46.41,0.799,0.3641,human_female_0238.jpg
human_female_0239,1.489,46.9,0.8665,0.3603,human_female_0239.jpg
human_female_0240,1.4515,71.24,1.106,0.3303,human_female_0240.jpg
human_female_0241,1.468,52.35,0.9252,0.3651,human_female_0241.jpg
human_female_0242,1.5373,34.81,0.7453,0.3641,human_female_0242.jpg
human_female_0243,1.7792,137.67,1.3961,0.3599,human_female_0243.jpg
human_female_0244,1.8115,56.78,0.7798,0.3313,human_female_0244.jpg
human_female_0245,1.7456,97.18,1.1729,0.3642,human_female_0245.jpg
human_female_0246,1.7922,72.22,0.9687,0.363,human_female_0246.jpg
human_female_0247,1.5775,89.83,1.211,0.3618,human_female_0247.jpg
human_female_0248,1.4853,44.62,0.8363,0.3303,human_female_0248.jpg
human_female_0249,1.5696,57.5,0.9446,0.365,human_female_0249.jpg
human_female_0250,1.8133,62.86,0.8585,0.3639,human_female_0250.jpg
human_female_0251,1.7368,56.54,0.8587,0.361,human_female_0251.jpg
human_female_0252,1.6648,101.22,1.2439,0.3298,human_female_0252.jpg
human_female_0253,1.5883,46.65,0.8428,0.3647,human_female_0253.jpg
human_female_0254,1.5932,60.59,0.9539,0.3636,human_female_0254.jpg
human_female_0255,1.6756,52.75,0.8507,0.3619,human_female_0255.jpg
human_female_0256,1.4964,70.65,1.0853,0.3314,human_female_0256.jpg
human_female_0257,1.6473,59.02,0.9289,0.3651,human_female_0257.jpg
human_female_0258,1.7725,95.04,1.1413,0.3634,human_female_0258.jpg
human_female_0259,1.6069,100.76,1.2682,0.3619,human_female_0259.jpg
human_female_0260,1.7473,63.59,0.8637,0.3313,human_female_0260.jpg
human_female_0261,1.6249,84.22,1.1516,0.3652,human_female_0261.jpg
human_female_0262,1.6217,38.39,0.7253,0.3635,human_female_0262.jpg
human_female_0263,1.7606,91.39,1.1454,0.361,human_female_0263.jpg
human_female_0264,1.6328,59.54,0.9252,0.3316,human_female_0264.jpg
human_female_0265,1.4898,76.3,1.138,0.3643,human_female_0265.jpg
human_female_0266,1.4638,49.3,0.8909,0.3643,human_female_0266.jpg
human_female_0267,1.6038,39.43,0.77,0.3615,human_female_0267.jpg
human_female_0268,1.5459,57.35,0.9206,0.3305,human_female_0268.jpg
human_female_0269,1.5238,50.11,0.8794,0.365,human_female_0269.jpg
human_female_0270,1.7894,62.66,0.8607,0.3642,human_female_0270.jpg
human_female_0271,1.668,63.2,0.9497,0.3605,human_female_0271.jpg
human_female_0272,1.676,60.52,0.8955,0.3327,human_female_0272.jpg
human_female_0273,1.4938,35.31,0.7597,0.3645,human_female_0273.jpg
human_female_0274,1.7749,52.64,0.8083,0.3636,human_female_0274.jpg
human_female_0275,1.7259,97.5,1.1968,0.3616,human_female_0275.jpg
human_female_0276,1.6051,73.13,1.0359,0.3317,human_female_0276.jpg
human_female_0277,1.7163,69.4,0.9571,0.3647,human_female_0277.jpg
human_female_0278,1.5253,35.57,0.7556,0.3632,human_female_0278.jpg
human_female_0279,1.7617,60.54,0.8803,0.3621,human_female_0279.jpg
human_female_0280,1.6038,58.66,0.9116,0.3324,human_female_0280.jpg
human_female_0281,1.747,124.77,1.3662,0.3649,human_female_0281.jpg
human_female_0282,1.5246,62.47,0.9978,0.3645,human_female_0282.jpg
human_female_0283,1.5844,82.63,1.1454,0.3606,human_female_0283.jpg
human_female_0284,1.7126,79.17,1.027,0.3317,human_female_0284.jpg
human_female_0285,1.6043,101.21,1.2819,0.3646,human_female_0285.jpg
human_female_0286,1.5903,44.21,0.8077,0.3643,human_female_0286.jpg
human_female_0287,1.6,39.78,0.7655,0.3622,human_female_0287.jpg
human_female_0288,1.6108,45.79,0.7864,0.3315,human_female_0288.jpg
human_female_0289,1.5709,86.6,1.1919,0.3642,human_female_0289.jpg
human_female_0290,1.798,98.09,1.1655,0.3641,human_female_0290.jpg
human_female_0291,1.7064,58.25,0.8687,0.3618,human_female_0291.jpg
human_female_0292,1.7147,74.03,0.9816,0.3307,human_female_0292.jpg
human_female_0293,1.6931,66.75,0.9509,0.3647,human_female_0293.jpg
human_female_0294,1.5199,67.92,1.052,0.3637,human_female_0294.jpg
human_female_0295,1.8064,64.61,0.8905,0.3603,human_female_0295.jpg
human_female_0296,1.6741,89.52,1.1552,0.3303,human_female_0296.jpg
human_female_0297,1.7567,87.92,1.1013,0.3647,human_female_0297.jpg
human_female_0298,1.6164,99.75,1.2656,0.3647,human_female_0298.jpg
human_female_0299,1.5072,44.07,0.844,0.3627,human_female_0299.jpg
human_female_0300,1.6979,45.08,0.7355,0.3312,human_female_0300.jpg
human_female_0301,1.7463,104.69,1.2305,0.3645,human_female_0301.jpg
human_female_0302,1.6316,83.11,1.1218,0.3633,human_female_0302.jpg
human_female_0303,1.6673,108.38,1.298,0.3626,human_female_0303.jpg
human_female_0304,1.6546,57.65,0.8858,0.3309,human_female_0304.jpg
human_female_0305,1.6019,52.43,0.881,0.3652,human_female_0305.jpg
human_female_0306,1.709,49.93,0.7787,0.3642,human_female_0306.jpg
human_female_0307,1.5023,88.12,1.2268,0.3606,human_female_0307.jpg
human_female_0308,1.558,91.04,1.2208,0.331,human_female_0308.jpg
human_female_0309,1.511,85.0,1.194,0.3648,human_female_0309.jpg
human_female_0310,1.7141,58.23,0.8853,0.3643,human_female_0310.jpg
human_female_0311,1.5081,41.7,0.814,0.3614,human_female_0311.jpg
human_female_0312,1.7504,122.47,1.311,0.3303,human_female_0312.jpg
human_female_0313,1.7542,48.42,0.7591,0.3638,human_female_0313.jpg
human_female_0314,1.7495,83.17,1.0686,0.364,human_female_0314.jpg
human_female_0315,1.5893,87.49,1.1814,0.3613,human_female_0315.jpg
human_female_0316,1.5853,44.75,0.7922,0.3305,human_female_0316.jpg
human_female_0317,1.5803,51.48,0.8942,0.3662,human_female_0317.jpg
human_female_0318,1.7026,119.81,1.3592,0.3638,human_female_0318.jpg
human_female_0319,1.4966,88.72,1.2384,0.3632,human_female_0319.jpg
human_female_0320,1.6608,69.85,0.9851,0.3317,human_female_0320.jpg
human_female_0321,1.5453,74.43,1.0965,0.3644,human_female_0321.jpg
human_female_0322,1.5208,39.64,0.7973,0.3639,human_female_0322.jpg
human_female_0323,1.6387,64.81,0.9694,0.3615,human_female_0323.jpg
human_female_0324,1.4784,65.12,1.0463,0.3315,human_female_0324.jpg
human_female_0325,1.5284,67.63,1.0465,0.3653,human_female_0325.jpg
human_female_0326,1.7874,126.76,1.3624,0.3648,human_female_0326.jpg
human_female_0327,1.5739,37.55,0.7434,0.3624,human_female_0327.jpg
human_female_0328,1.5304,58.21,0.9344,0.333,human_female_0328.jpg
human_female_0329,1.824,71.23,0.9168,0.3657,human_female_0329.jpg
human_female_0330,1.7023,93.87,1.1618,0.3638,human_female_0330.jpg
human_female_0331,1.4925,74.46,1.1117,0.3607,human_female_0331.jpg
human_female_0332,1.5468,36.39,0.7168,0.3306,human_female_0332.jpg
human_female_0333,1.6059,54.41,0.9071,0.3652,human_female_0333.jpg
human_female_0334,1.7864,113.89,1.2874,0.3622,human_female_0334.jpg
human_female_0335,1.543,71.56,1.0701,0.3612,human_female_0335.jpg
human_female_0336,1.4978,77.23,1.1344,0.3304,human_female_0336.jpg
human_female_0337,1.6345,73.31,1.0615,0.3658,human_female_0337.jpg
human_female_0338,1.7518,88.55,1.1109,0.3633,human_female_0338.jpg
human_female_0339,1.5061,42.34,0.8435,0.3612,human_female_0339.jpg
human_female_0340,1.5254,59.0,0.9455,0.33,human_female_0340.jpg
human_female_0341,1.6727,89.78,1.1543,0.3655,human_female_0341.jpg
human_female_0342,1.7085,88.89,1.1436,0.3641,human_female_0342.jpg
human_female_0343,1.5521,41.01,0.7976,0.3604,human_female_0343.jpg
human_female_0344,1.5831,103.33,1.2954,0.3291,human_female_0344.jpg
human_female_0345,1.6296,47.99,0.8232,0.3657,human_female_0345.jpg
human_female_0346,1.7804,85.39,1.0381,0.3645,human_female_0346.jpg
human_female_0347,1.5073,65.88,1.0403,0.3618,human_female_0347.jpg
human_female_0348,1.6744,79.74,1.0433,0.3317,human_female_0348.jpg
human_female_0349,1.7914,105.58,1.2206,0.3646,human_female_0349.jpg
human_female_0350,1.5081,53.69,0.9388,0.3647,human_female_0350.jpg
human_female_0351,1.7413,109.59,1.2672,0.361,human_female_0351.jpg
human_female_0352,1.5548,78.88,1.11,0.3327,human_female_0352.jpg
human_female_0353,1.7333,56.33,0.8377,0.3655,human_female_0353.jpg
human_female_0354,1.744,88.14,1.1175,0.3635,human_female_0354.jpg
human_female_0355,1.7152,87.46,1.1156,0.3617,human_female_0355.jpg
human_female_0356,1.5358,41.81,0.7683,0.3313,human_female_0356.jpg
human_female_0357,1.5692,93.86,1.2385,0.3654,human_female_0357.jpg
human_female_0358,1.5485,34.15,0.7197,0.3645,human_female_0358.jpg
human_female_0359,1.6388,92.42,1.1938,0.3624,human_female_0359.jpg
human_female_0360,1.6635,86.51,1.1,0.3316,human_female_0360.jpg
human_female_0361,1.5677,73.94,1.0819,0.3652,human_female_0361.jpg
human_female_0362,1.6694,52.51,0.8488,0.3648,human_female_0362.jpg
human_female_0363,1.7286,95.46,1.1602,0.3613,human_female_0363.jpg
human_female_0364,1.751,67.22,0.9292,0.3301,human_female_0364.jpg
human_female_0365,1.7246,73.22,0.994,0.3658,human_female_0365.jpg
human_female_0366,1.5566,43.9,0.8059,0.3639,human_female_0366.jpg
human_female_0367,1.6249,79.81,1.1078,0.3607,human_female_0367.jpg
human_female_0368,1.493,60.89,1.0026,0.3323,human_female_0368.jpg
human_female_0369,1.517,84.92,1.1874,0.3645,human_female_0369.jpg
human_female_0370,1.6979,54.29,0.8562,0.3639,human_female_0370.jpg
human_female_0371,1.5289,48.0,0.859,0.3623,human_female_0371.jpg
human_female_0372,1.579,42.93,0.7444,0.3305,human_female_0372.jpg
human_female_0373,1.7455,92.84,1.1564,0.3647,human_female_0373.jpg
human_female_0374,1.8291,59.46,0.8148,0.3639,human_female_0374.jpg
human_female_0375,1.5073,34.02,0.7467,0.3617,human_female_0375.jpg
human_female_0376,1.4541,73.45,1.1308,0.3313,human_female_0376.jpg
human_female_0377,1.5662,61.27,0.9759,0.3657,human_female_0377.jpg
human_female_0378,1.675,101.97,1.2539,0.3632,human_female_0378.jpg
human_female_0379,1.6183,66.99,1.0024,0.3608,human_female_0379.jpg
human_female_0380,1.5599,100.17,1.273,0.3316,human_female_0380.jpg
human_female_0381,1.7807,130.71,1.3746,0.3639,human_female_0381.jpg
human_female_0382,1.4968,58.19,0.979,0.3626,human_female_0382.jpg
human_female_0383,1.5713,70.39,1.0508,0.3614,human_female_0383.jpg
human_female_0384,1.5226,47.3,0.8399,0.3316,human_female_0384.jpg
human_female_0385,1.6787,86.26,1.1248,0.3656,human_female_0385.jpg
human_female_0386,1.6695,104.63,1.2693,0.3618,human_female_0386.jpg
human_female_0387,1.4983,42.36,0.8132,0.3615,human_female_0387.jpg
human_female_0388,1.724,108.55,1.2302,0.3315,human_female_0388.jpg
human_female_0389,1.5593,91.17,1.2225,0.3651,human_female_0389.jpg
human_female_0390,1.7258,110.11,1.271,0.3638,human_female_0390.jpg
human_female_0391,1.6893,77.32,1.0563,0.361,human_female_0391.jpg
human_female_0392,1.5297,57.54,0.9324,0.3316,human_female_0392.jpg
human_female_0393,1.6101,41.46,0.7766,0.3642,human_female_0393.jpg
human_female_0394,1.6293,99.87,1.2656,0.3631,human_female_0394.jpg
human_female_0395,1.4642,53.6,0.9431,0.3618,human_female_0395.jpg
human_female_0396,1.5844,48.75,0.8199,0.3311,human_female_0396.jpg
human_female_0397,1.7316,112.31,1.2996,0.3651,human_female_0397.jpg
human_female_0398,1.782,104.65,1.2117,0.3631,human_female_0398.jpg
human_female_0399,1.4934,30.52,0.697,0.3624,human_female_0399.jpg
human_female_0400,1.618,95.24,1.2328,0.3322,human_female_0400.jpg
human_female_0401,1.4844,49.57,0.9048,0.3647,human_female_0401.jpg
human_female_0402,1.61,88.2,1.1781,0.3638,human_female_0402.jpg
human_female_0403,1.7863,53.13,0.8078,0.3625,human_female_0403.jpg
human_female_0404,1.517,55.77,0.9208,0.3322,human_female_0404.jpg
human_female_0405,1.6603,83.9,1.1112,0.3647,human_female_0405.jpg
human_female_0406,1.6147,73.9,1.056,0.3635,human_female_0406.jpg
human_female_0407,1.5699,75.38,1.103,0.3618,human_female_0407.jpg
human_female_0408,1.4677,65.17,1.0533,0.3307,human_female_0408.jpg
human_female_0409,1.5548,49.0,0.8827,0.3653,human_female_0409.jpg
human_female_0410,1.7201,115.93,1.3244,0.3634,human_female_0410.jpg
human_female_0411,1.6316,64.82,0.9827,0.3626,human_female_0411.jpg
human_female_0412,1.5763,73.83,1.0564,0.3315,human_female_0412.jpg
human_female_0413,1.6461,60.6,0.9459,0.3647,human_female_0413.jpg
human_female_0414,1.4592,61.76,1.0187,0.3638,human_female_0414.jpg
human_female_0415,1.8049,83.11,1.0335,0.3618,human_female_0415.jpg
human_female_0416,1.6408,84.19,1.1101,0.3312,human_female_0416.jpg
human_female_0417,1.5081,35.1,0.7617,0.3644,human_female_0417.jpg
human_female_0418,1.774,63.65,0.8924,0.3642,human_female_0418.jpg
human_female_0419,1.7916,80.87,1.0153,0.3609,human_female_0419.jpg
human_female_0420,1.5215,51.17,0.8894,0.3323,human_female_0420.jpg
human_female_0421,1.5227,61.15,0.9934,0.3639,human_female_0421.jpg
human_female_0422,1.7167,104.65,1.2534,0.3644,human_female_0422.jpg
human_female_0423,1.8098,65.49,0.8928,0.3627,human_female_0423.jpg
human_female_0424,1.6953,90.98,1.119,0.3321,human_female_0424.jpg
human_female_0425,1.4977,50.27,0.9042,0.3652,human_female_0425.jpg
human_female_0426,1.4833,68.55,1.0678,0.3637,human_female_0426.jpg
human_female_0427,1.5939,36.08,0.7183,0.36,human_female_0427.jpg
human_female_0428,1.4964,44.66,0.8313,0.331,human_female_0428.jpg
human_female_0429,1.7269,119.02,1.3375,0.3649,human_female_0429.jpg
human_female_0430,1.4909,35.74,0.7581,0.3643,human_female_0430.jpg
human_female_0431,1.7706,54.45,0.8251,0.3627,human_female_0431.jpg
human_female_0432,1.5719,60.22,0.9484,0.3322,human_female_0432.jpg
human_female_0433,1.7617,100.55,1.1809,0.3641,human_female_0433.jpg
human_female_0434,1.6961,45.2,0.7769,0.3642,human_female_0434.jpg
human_female_0435,1.4586,79.9,1.1718,0.3609,human_female_0435.jpg
human_female_0436,1.5787,57.53,0.919,0.3322,human_female_0436.jpg
human_female_0437,1.6846,64.23,0.9431,0.3643,human_female_0437.jpg
human_female_0438,1.6334,58.25,0.9237,0.3638,human_female_0438.jpg
human_female_0439,1.6074,59.17,0.9426,0.3614,human_female_0439.jpg
human_female_0440,1.7836,51.88,0.754,0.3311,human_female_0440.jpg
human_female_0441,1.7346,117.46,1.325,0.364,human_female_0441.jpg
human_female_0442,1.5996,73.42,1.0605,0.3637,human_female_0442.jpg
human_female_0443,1.4973,71.63,1.0803,0.3605,human_female_0443.jpg
human_female_0444,1.7326,55.93,0.8098,0.33,human_female_0444.jpg
human_female_0445,1.5841,94.55,1.2293,0.366,human_female_0445.jpg
human_female_0446,1.5279,91.38,1.241,0.3634,human_female_0446.jpg
human_female_0447,1.5106,38.19,0.8011,0.3605,human_female_0447.jpg
human_female_0448,1.5805,42.99,0.7851,0.3314,human_female_0448.jpg
human_female_0449,1.7548,52.43,0.8016,0.3639,human_female_0449.jpg
human_female_0450,1.7159,85.54,1.1263,0.3644,human_female_0450.jpg
human_female_0451,1.6848,94.41,1.197,0.363,human_female_0451.jpg
human_female_0452,1.5536,36.39,0.7162,0.3302,human_female_0452.jpg
human_female_0453,1.7737,56.13,0.8259,0.3652,human_female_0453.jpg
human_female_0454,1.7679,76.49,1.0113,0.3628,human_female_0454.jpg
human_female_0455,1.5893,41.77,0.7999,0.3613,human_female_0455.jpg
human_female_0456,1.4916,71.3,1.0812,0.3322,human_female_0456.jpg
human_female_0457,1.6847,72.28,1.014,0.3645,human_female_0457.jpg
human_female_0458,1.674,100.92,1.2462,0.3632,human_female_0458.jpg
human_female_0459,1.7866,111.3,1.2466,0.36,human_female_0459.jpg
human_female_0460,1.6665,82.16,1.0734,0.331,human_female_0460.jpg
human_female_0461,1.7948,101.64,1.1643,0.3646,human_female_0461.jpg
human_female_0462,1.5802,41.74,0.8013,0.3639,human_female_0462.jpg
human_female_0463,1.556,57.42,0.9567,0.3609,human_female_0463.jpg
human_female_0464,1.5647,48.77,0.8063,0.3326,human_female_0464.jpg
human_female_0465,1.6328,48.41,0.8367,0.3651,human_female_0465.jpg
human_female_0466,1.5533,61.07,0.9773,0.3641,human_female_0466.jpg
human_female_0467,1.6363,66.78,0.9922,0.3621,human_female_0467.jpg
human_female_0468,1.6265,86.05,1.1391,0.3305,human_female_0468.jpg
human_female_0469,1.5791,89.4,1.2157,0.3635,human_female_0469.jpg
human_female_0470,1.649,86.02,1.1459,0.3647,human_female_0470.jpg
human_female_0471,1.5268,73.1,1.0961,0.3613,human_female_0471.jpg
human_female_0472,1.7452,46.34,0.7248,0.3305,human_female_0472.jpg
human_female_0473,1.8203,82.44,1.0086,0.3649,human_female_0473.jpg
human_female_0474,1.7723,104.85,1.2193,0.3648,human_female_0474.jpg
human_female_0475,1.5618,84.83,1.1752,0.3619,human_female_0475.jpg
human_female_0476,1.7388,54.53,0.8047,0.3313,human_female_0476.jpg
human_female_0477,1.7241,63.86,0.9314,0.3648,human_female_0477.jpg
human_female_0478,1.6484,63.49,0.9664,0.3639,human_female_0478.jpg
human_female_0479,1.5354,75.04,1.1095,0.3615,human_female_0479.jpg
human_female_0480,1.4914,33.62,0.6874,0.3303,human_female_0480.jpg
human_female_0481,1.8111,93.11,1.1182,0.3635,human_female_0481.jpg
human_female_0482,1.73,74.58,1.0176,0.3638,human_female_0482.jpg
human_female_0483,1.6416,107.47,1.2976,0.3617,human_female_0483.jpg
human_female_0484,1.778,116.14,1.2425,0.3303,human_female_0484.jpg
human_female_0485,1.4365,74.19,1.1275,0.3654,human_female_0485.jpg
human_female_0486,1.6246,50.55,0.8474,0.3635,human_female_0486.jpg
human_female_0487,1.5905,48.46,0.8639,0.3628,human_female_0487.jpg
human_female_0488,1.6861,97.38,1.2028,0.3311,human_female_0488.jpg
human_female_0489,1.6679,83.51,1.1176,0.364,human_female_0489.jpg
human_female_0490,1.4768,43.76,0.8518,0.3638,human_female_0490.jpg
human_female_0491,1.7454,102.16,1.2177,0.3616,human_female_0491.jpg
human_female_0492,1.599,67.6,1.0045,0.3301,human_female_0492.jpg
human_female_0493,1.7028,63.86,0.9277,0.3649,human_female_0493.jpg
human_female_0494,1.6165,38.74,0.7542,0.3644,human_female_0494.jpg
human_female_0495,1.6623,60.65,0.9295,0.3608,human_female_0495.jpg
human_female_0496,1.585,95.24,1.241,0.3299,human_female_0496.jpg
human_female_0497,1.7822,133.83,1.4036,0.3638,human_female_0497.jpg
human_female_0498,1.7525,69.4,0.9595,0.3638,human_female_0498.jpg
human_female_0499,1.7046,69.05,0.9901,0.3614,human_female_0499.jpg
human_female_0500,1.5214,73.65,1.0912,0.3315,human_female_0500.jpg
human_female_0501,1.5922,42.03,0.7747,0.3651,human_female_0501.jpg
human_female_0502,1.6652,67.65,0.9913,0.3629,human_female_0502.jpg
human_female_0503,1.7143,46.38,0.7719,0.3619,human_female_0503.jpg
human_female_0504,1.6885,65.64,0.9149,0.3314,human_female_0504.jpg
human_female_0505,1.7691,124.39,1.3498,0.3647,human_female_0505.jpg
human_female_0506,1.4587,64.06,1.0372,0.3635,human_female_0506.jpg
human_female_0507,1.5624,83.01,1.1486,0.3609,human_female_0507.jpg
human_female_0508,1.7778,77.05,0.9816,0.331,human_female_0508.jpg
human_female_0509,1.6445,105.23,1.2815,0.3644,human_female_0509.jpg
human_female_0510,1.561,41.84,0.8039,0.3633,human_female_0510.jpg
human_female_0511,1.5451,81.17,1.1539,0.3618,human_female_0511.jpg
human_female_0512,1.7358,125.16,1.3635,0.3302,human_female_0512.jpg
human_female_0513,1.7376,63.22,0.918,0.3644,human_female_0513.jpg
human_female_0514,1.8109,55.94,0.8126,0.3644,human_female_0514.jpg
human_female_0515,1.504,39.22,0.7962,0.3616,human_female_0515.jpg
human_female_0516,1.6169,87.09,1.157,0.3302,human_female_0516.jpg
human_female_0517,1.6055,63.0,0.9817,0.3654,human_female_0517.jpg
human_female_0518,1.6592,63.31,0.9333,0.3645,human_female_0518.jpg
human_female_0519,1.621,93.94,1.2046,0.361,human_female_0519.jpg
human_female_0520,1.7807,110.14,1.2266,0.3311,human_female_0520.jpg
human_female_0521,1.4693,60.88,1.0067,0.3657,human_female_0521.jpg
human_female_0522,1.4457,75.82,1.145,0.364,human_female_0522.jpg
human_female_0523,1.5482,55.11,0.9287,0.3613,human_female_0523.jpg
human_female_0524,1.6213,59.54,0.9266,0.3312,human_female_0524.jpg
human_female_0525,1.564,96.22,1.2703,0.3649,human_female_0525.jpg
human_female_0526,1.7812,65.58,0.8984,0.3639,human_female_0526.jpg
human_female_0527,1.7039,67.18,0.9806,0.3608,human_female_0527.jpg
human_female_0528,1.5523,93.5,1.2588,0.3322,human_female_0528.jpg
human_female_0529,1.7865,119.63,1.3199,0.3651,human_female_0529.jpg
human_female_0530,1.6756,88.22,1.1461,0.3639,human_female_0530.jpg
human_female_0531,1.6489,68.41,1.0065,0.3619,human_female_0531.jpg
human_female_0532,1.4622,77.7,1.1502,0.3299,human_female_0532.jpg
human_female_0533,1.71,92.62,1.1539,0.3651,human_female_0533.jpg
human_female_0534,1.4976,39.97,0.7869,0.3635,human_female_0534.jpg
human_female_0535,1.6402,75.54,1.0792,0.3615,human_female_0535.jpg
human_female_0536,1.6708,58.65,0.872,0.3296,human_female_0536.jpg
human_female_0537,1.4934,84.2,1.1911,0.3645,human_female_0537.jpg
human_female_0538,1.6942,67.27,0.986,0.3634,human_female_0538.jpg
human_female_0539,1.534,83.03,1.1691,0.3614,human_female_0539.jpg
human_female_0540,1.5933,66.25,0.9789,0.3303,human_female_0540.jpg
human_female_0541,1.4522,66.07,1.0559,0.3649,human_female_0541.jpg
human_female_0542,1.6129,63.74,0.9843,0.3633,human_female_0542.jpg
human_female_0543,1.5861,51.95,0.8815,0.3617,human_female_0543.jpg
human_female_0544,1.5233,37.89,0.7514,0.3308,human_female_0544.jpg
human_female_0545,1.555,67.52,1.0308,0.3644,human_female_0545.jpg
human_female_0546,1.6316,47.75,0.8112,0.3637,human_female_0546.jpg
human_female_0547,1.5359,74.61,1.1055,0.3616,human_female_0547.jpg
human_female_0548,1.4902,79.31,1.163,0.3313,human_female_0548.jpg
human_female_0549,1.7374,79.5,1.0346,0.3637,human_female_0549.jpg
human_female_0550,1.6148,41.97,0.774,0.3638,human_female_0550.jpg
human_female_0551,1.7942,57.47,0.853,0.3618,human_female_0551.jpg
human_female_0552,1.8289,65.64,0.8559,0.3312,human_female_0552.jpg
human_female_0553,1.7895,67.99,0.9331,0.3656,human_female_0553.jpg
human_female_0554,1.5666,75.64,1.0938,0.3636,human_female_0554.jpg
human_female_0555,1.6836,77.72,1.0635,0.3614,human_female_0555.jpg
human_female_0556,1.6073,60.01,0.9188,0.3315,human_female_0556.jpg
human_female_0557,1.5091,54.84,0.9399,0.3654,human_female_0557.jpg
human_female_0558,1.5739,36.78,0.7276,0.3637,human_female_0558.jpg
human_female_0559,1.5372,53.07,0.9142,0.3628,human_female_0559.jpg
human_female_0560,1.5792,53.69,0.8768,0.3318,human_female_0560.jpg
human_female_0561,1.733,86.0,1.1073,0.3653,human_female_0561.jpg
human_female_0562,1.7549,112.84,1.2722,0.3638,human_female_0562.jpg
human_female_0563,1.7497,75.91,1.0151,0.3611,human_female_0563.jpg
human_female_0564,1.5831,68.54,1.0382,0.3319,human_female_0564.jpg
human_female_0565,1.5755,57.9,0.9389,0.3643,human_female_0565.jpg
human_female_0566,1.5363,70.75,1.0746,0.3636,human_female_0566.jpg
human_female_0567,1.7542,110.21,1.2819,0.3621,human_female_0567.jpg
human_female_0568,1.5534,65.39,1.0026,0.3318,human_female_0568.jpg
human_female_0569,1.5159,44.99,0.8442,0.3654,human_female_0569.jpg
human_female_0570,1.7383,74.6,1.0097,0.3633,human_female_0570.jpg
human_female_0571,1.5758,90.32,1.2113,0.3609,human_female_0571.jpg
human_female_0572,1.7421,88.43,1.0814,0.3315,human_female_0572.jpg
human_female_0573,1.6263,37.52,0.7132,0.3652,human_female_0573.jpg
human_female_0574,1.7402,68.91,0.9548,0.363,human_female_0574.jpg
human_female_0575,1.6265,46.83,0.8254,0.3617,human_female_0575.jpg
human_female_0576,1.5376,52.05,0.8726,0.3322,human_female_0576.jpg
human_female_0577,1.5564,74.02,1.0927,0.364,human_female_0577.jpg
human_female_0578,1.6912,50.43,0.8263,0.3643,human_female_0578.jpg
human_female_0579,1.7312,55.73,0.8292,0.362,human_female_0579.jpg
human_female_0580,1.4946,51.84,0.8934,0.3313,human_female_0580.jpg
human_female_0581,1.606,46.7,0.8156,0.3636,human_female_0581.jpg
human_female_0582,1.5314,62.19,0.9942,0.3633,human_female_0582.jpg
human_female_0583,1.7523,70.3,0.9691,0.3629,human_female_0583.jpg
human_female_0584,1.6636,46.01,0.7566,0.3316,human_female_0584.jpg
human_female_0585,1.8102,65.01,0.8986,0.3647,human_female_0585.jpg
human_female_0586,1.4831,55.28,0.9577,0.3632,human_female_0586.jpg
human_female_0587,1.5259,82.9,1.1647,0.3626,human_female_0587.jpg
human_female_0588,1.5406,36.94,0.7082,0.3308,human_female_0588.jpg
human_female_0589,1.7531,94.67,1.1501,0.3646,human_female_0589.jpg
human_female_0590,1.6707,72.5,1.0112,0.3642,human_female_0590.jpg
human_female_0591,1.6259,72.92,1.0485,0.3611,human_female_0591.jpg
human_female_0592,1.6085,95.95,1.2079,0.3296,human_female_0592.jpg
human_female_0593,1.4939,63.5,1.0243,0.365,human_female_0593.jpg
human_female_0594,1.518,72.12,1.0858,0.3635,human_female_0594.jpg
human_female_0595,1.7497,56.35,0.8353,0.3619,human_female_0595.jpg
human_female_0596,1.4844,31.06,0.6897,0.3292,human_female_0596.jpg
human_female_0597,1.4958,76.0,1.1192,0.3643,human_female_0597.jpg
human_female_0598,1.5644,75.3,1.1078,0.3626,human_female_0598.jpg
human_female_0599,1.5959,48.99,0.8551,0.3605,human_female_0599.jpg
human_female_0600,1.6427,72.12,1.0307,0.3327,human_female_0600.jpg
human_female_0601,1.6965,76.21,1.0378,0.365,human_female_0601.jpg
human_female_0602,1.7575,125.74,1.3762,0.3624,human_female_0602.jpg
human_female_0603,1.7113,73.85,1.0216,0.362,human_female_0603.jpg
human_female_0604,1.7398,69.38,0.9491,0.3312,human_female_0604.jpg
human_female_0605,1.518,57.17,0.9676,0.3649,human_female_0605.jpg
human_female_0606,1.7417,69.04,0.9506,0.3645,human_female_0606.jpg
human_female_0607,1.5342,82.72,1.1556,0.3619,human_female_0607.jpg
human_female_0608,1.6178,75.41,1.0377,0.3305,human_female_0608.jpg
human_female_0609,1.4536,59.68,1.0012,0.3648,human_female_0609.jpg
human_female_0610,1.531,31.55,0.7121,0.3634,human_female_0610.jpg
human_female_0611,1.795,75.42,0.9717,0.3619,human_female_0611.jpg
human_female_0612,1.5489,42.46,0.7781,0.3317,human_female_0612.jpg
human_female_0613,1.614,67.14,1.0073,0.3652,human_female_0613.jpg
human_female_0614,1.6817,109.91,1.3034,0.3639,human_female_0614.jpg
human_female_0615,1.6518,57.54,0.9113,0.3607,human_female_0615.jpg
human_female_0616,1.6607,62.79,0.9227,0.332,human_female_0616.jpg
human_female_0617,1.7427,66.43,0.9297,0.365,human_female_0617.jpg
human_female_0618,1.7141,82.87,1.0928,0.363,human_female_0618.jpg
human_female_0619,1.5267,30.0,0.7018,0.3612,human_female_0619.jpg
human_female_0620,1.7872,105.23,1.163,0.3321,human_female_0620.jpg
human_female_0621,1.4696,70.84,1.0942,0.3654,human_female_0621.jpg
human_female_0622,1.6444,107.56,1.3141,0.3636,human_female_0622.jpg
human_female_0623,1.7422,60.34,0.8861,0.3613,human_female_0623.jpg
human_female_0624,1.5392,56.75,0.9331,0.3308,human_female_0624.jpg
human_female_0625,1.6267,40.95,0.755,0.366,human_female_0625.jpg
human_female_0626,1.6149,81.99,1.1278,0.3648,human_female_0626.jpg
human_female_0627,1.5884,60.72,0.9562,0.362,human_female_0627.jpg
human_female_0628,1.4702,80.5,1.1674,0.3297,human_female_0628.jpg
human_female_0629,1.6915,104.19,1.2586,0.3641,human_female_0629.jpg
human_female_0630,1.4998,39.48,0.7903,0.3651,human_female_0630.jpg
human_female_0631,1.6034,100.97,1.2798,0.3614,human_female_0631.jpg
human_female_0632,1.5394,71.8,1.0791,0.3313,human_female_0632.jpg
human_female_0633,1.5528,67.74,1.0399,0.3646,human_female_0633.jpg
human_female_0634,1.606,101.8,1.2855,0.3643,human_female_0634.jpg
human_female_0635,1.6643,91.06,1.1528,0.3619,human_female_0635.jpg
human_female_0636,1.7169,118.29,1.318,0.3312,human_female_0636.jpg
human_female_0637,1.7945,73.69,0.9706,0.3648,human_female_0637.jpg
human_female_0638,1.549,48.15,0.866,0.3637,human_female_0638.jpg
human_female_0639,1.8012,60.45,0.8583,0.3611,human_female_0639.jpg
human_female_0640,1.5791,32.89,0.6604,0.3318,human_female_0640.jpg
human_female_0641,1.6505,68.45,1.0016,0.3642,human_female_0641.jpg
human_female_0642,1.5773,64.32,0.9841,0.3634,human_female_0642.jpg
human_female_0643,1.6236,63.37,0.9626,0.3613,human_female_0643.jpg
human_female_0644,1.6252,51.35,0.8351,0.3319,human_female_0644.jpg
human_female_0645,1.5043,48.64,0.8958,0.3653,human_female_0645.jpg
human_female_0646,1.671,97.51,1.2237,0.3651,human_female_0646.jpg
human_female_0647,1.4917,43.6,0.8331,0.3609,human_female_0647.jpg
human_female_0648,1.599,72.23,1.0396,0.3308,human_female_0648.jpg
human_female_0649,1.7369,114.34,1.2917,0.3641,human_female_0649.jpg
human_female_0650,1.6635,65.72,0.9604,0.363,human_female_0650.jpg
human_female_0651,1.4918,72.12,1.1009,0.362,human_female_0651.jpg
human_female_0652,1.5789,79.05,1.1144,0.3324,human_female_0652.jpg
human_female_0653,1.5561,86.35,1.1909,0.3654,human_female_0653.jpg
human_female_0654,1.7287,85.74,1.105,0.3641,human_female_0654.jpg
human_female_0655,1.7165,68.55,0.9789,0.3632,human_female_0655.jpg
human_female_0656,1.716,110.59,1.2871,0.3315,human_female_0656.jpg
human_female_0657,1.6197,87.58,1.1756,0.3645,human_female_0657.jpg
human_female_0658,1.4932,30.04,0.7128,0.364,human_female_0658.jpg
human_female_0659,1.4938,71.66,1.0928,0.3619,human_female_0659.jpg
human_female_0660,1.4954,54.33,0.9122,0.331,human_female_0660.jpg
human_female_0661,1.8147,75.26,0.9746,0.3642,human_female_0661.jpg
human_female_0662,1.4854,56.95,0.985,0.3644,human_female_0662.jpg
human_female_0663,1.4709,64.27,1.029,0.3609,human_female_0663.jpg
human_female_0664,1.6406,101.07,1.2477,0.33,human_female_0664.jpg
human_female_0665,1.5178,41.69,0.7945,0.3652,human_female_0665.jpg
human_female_0666,1.6872,101.62,1.2437,0.3645,human_female_0666.jpg
human_female_0667,1.5967,90.88,1.2054,0.3608,human_female_0667.jpg
human_female_0668,1.6474,46.93,0.7646,0.3312,human_female_0668.jpg
human_female_0669,1.5887,66.48,1.0155,0.3658,human_female_0669.jpg
human_female_0670,1.773,55.63,0.8449,0.3639,human_female_0670.jpg
human_female_0671,1.4693,49.98,0.9195,0.3611,human_female_0671.jpg
human_female_0672,1.6219,39.31,0.7098,0.3316,human_female_0672.jpg
human_female_0673,1.5162,37.79,0.7829,0.3649,human_female_0673.jpg
human_female_0674,1.7309,64.21,0.9097,0.3644,human_female_0674.jpg
human_female_0675,1.6689,47.96,0.8043,0.3624,human_female_0675.jpg
human_female_0676,1.5432,44.05,0.7938,0.3302,human_female_0676.jpg
human_female_0677,1.7529,70.35,0.9538,0.3643,human_female_0677.jpg
human_female_0678,1.6419,53.43,0.856,0.3637,human_female_0678.jpg
human_female_0679,1.6026,77.52,1.1081,0.3607,human_female_0679.jpg
human_female_0680,1.635,84.69,1.1303,0.3317,human_female_0680.jpg
human_female_0681,1.6282,59.68,0.9452,0.3642,human_female_0681.jpg
human_female_0682,1.6166,94.61,1.231,0.3637,human_female_0682.jpg
human_female_0683,1.7089,88.31,1.1338,0.3613,human_female_0683.jpg
human_female_0684,1.7624,69.02,0.9046,0.3292,human_female_0684.jpg
human_female_0685,1.7773,62.88,0.8826,0.3651,human_female_0685.jpg
human_female_0686,1.5131,48.5,0.8662,0.3643,human_female_0686.jpg
human_female_0687,1.5034,70.85,1.0897,0.3619,human_female_0687.jpg
human_female_0688,1.5227,76.61,1.1275,0.331,human_female_0688.jpg
human_female_0689,1.723,66.94,0.9447,0.3649,human_female_0689.jpg
human_female_0690,1.5364,82.06,1.1687,0.3633,human_female_0690.jpg
human_female_0691,1.6051,94.45,1.2339,0.3612,human_female_0691.jpg
human_female_0692,1.7327,82.13,1.0368,0.3318,human_female_0692.jpg
human_female_0693,1.529,83.89,1.1819,0.3646,human_female_0693.jpg
human_female_0694,1.7064,102.82,1.234,0.3637,human_female_0694.jpg
human_female_0695,1.6525,65.19,0.9613,0.3622,human_female_0695.jpg
human_female_0696,1.6827,51.25,0.8017,0.3298,human_female_0696.jpg
human_female_0697,1.5108,39.26,0.7904,0.3651,human_female_0697.jpg
human_female_0698,1.5934,92.77,1.2072,0.3641,human_female_0698.jpg
human_female_0699,1.5142,54.05,0.9337,0.3615,human_female_0699.jpg
human_female_0700,1.6542,86.05,1.1209,0.329,human_female_0700.jpg
human_female_0701,1.4765,64.98,1.0415,0.3654,human_female_0701.jpg
human_female_0702,1.715,95.45,1.1653,0.3636,human_female_0702.jpg
human_female_0703,1.7385,54.37,0.8311,0.3627,human_female_0703.jpg
human_female_0704,1.7677,51.33,0.7619,0.3304,human_female_0704.jpg
human_female_0705,1.7377,123.16,1.3487,0.3644,human_female_0705.jpg
human_female_0706,1.7891,92.64,1.1358,0.3636,human_female_0706.jpg
human_female_0707,1.6457,105.12,1.2856,0.3618,human_female_0707.jpg
human_female_0708,1.6528,67.17,0.9717,0.3293,human_female_0708.jpg
human_female_0709,1.7561,123.48,1.3704,0.3644,human_female_0709.jpg
human_female_0710,1.5954,61.53,0.9579,0.3629,human_female_0710.jpg
human_female_0711,1.5133,36.31,0.7627,0.3612,human_female_0711.jpg
human_female_0712,1.7497,105.81,1.1991,0.3307,human_female_0712.jpg
human_female_0713,1.7801,79.58,1.0147,0.3647,human_female_0713.jpg
human_female_0714,1.5751,84.71,1.1566,0.3644,human_female_0714.jpg
human_female_0715,1.4583,63.93,1.0501,0.3611,human_female_0715.jpg
human_female_0716,1.7384,94.8,1.1367,0.3311,human_female_0716.jpg
human_female_0717,1.4764,65.45,1.0554,0.3656,human_female_0717.jpg
human_female_0718,1.4981,45.75,0.8733,0.3647,human_female_0718.jpg
human_female_0719,1.7215,69.85,0.9841,0.363,human_female_0719.jpg
human_female_0720,1.6786,79.09,1.0502,0.3315,human_female_0720.jpg
human_female_0721,1.7134,88.58,1.145,0.3639,human_female_0721.jpg
human_female_0722,1.5077,42.48,0.8314,0.3635,human_female_0722.jpg
human_female_0723,1.497,41.8,0.8401,0.3613,human_female_0723.jpg
human_female_0724,1.7587,98.96,1.1442,0.3299,human_female_0724.jpg
human_female_0725,1.5046,51.26,0.9146,0.3658,human_female_0725.jpg
human_female_0726,1.4729,65.96,1.0507,0.3642,human_female_0726.jpg
human_female_0727,1.5137,66.28,1.04,0.3615,human_female_0727.jpg
human_female_0728,1.5361,75.48,1.1095,0.3304,human_female_0728.jpg
human_female_0729,1.6388,55.28,0.891,0.3652,human_female_0729.jpg
human_female_0730,1.7424,105.6,1.2397,0.364,human_female_0730.jpg
human_female_0731,1.4616,62.03,1.0318,0.3614,human_female_0731.jpg
human_female_0732,1.8413,63.0,0.8257,0.3308,human_female_0732.jpg
human_female_0733,1.6811,104.33,1.2576,0.3648,human_female_0733.jpg
human_female_0734,1.6025,50.01,0.8536,0.3637,human_female_0734.jpg
human_female_0735,1.6142,99.01,1.2531,0.3619,human_female_0735.jpg
human_female_0736,1.5716,85.08,1.1708,0.3296,human_female_0736.jpg
human_female_0737,1.6547,92.32,1.1879,0.3653,human_female_0737.jpg
human_female_0738,1.7656,100.13,1.1841,0.3646,human_female_0738.jpg
human_female_0739,1.5748,39.66,0.7609,0.362,human_female_0739.jpg
human_female_0740,1.7352,81.36,1.0393,0.3303,human_female_0740.jpg
human_female_0741,1.6565,81.26,1.1092,0.3645,human_female_0741.jpg
human_female_0742,1.5112,47.38,0.8734,0.3633,human_female_0742.jpg
human_female_0743,1.7705,64.75,0.9287,0.3624,human_female_0743.jpg
human_female_0744,1.6169,81.23,1.101,0.3296,human_female_0744.jpg
human_female_0745,1.5369,78.35,1.1298,0.3649,human_female_0745.jpg
human_female_0746,1.557,54.14,0.9199,0.3628,human_female_0746.jpg
human_female_0747,1.49,85.47,1.2022,0.3605,human_female_0747.jpg
human_female_0748,1.5838,98.23,1.2538,0.332,human_female_0748.jpg
human_female_0749,1.5122,63.09,1.0164,0.365,human_female_0749.jpg
human_female_0750,1.6689,55.76,0.8784,0.3641,human_female_0750.jpg
human_female_0751,1.6263,43.33,0.795,0.3616,human_female_0751.jpg
human_female_0752,1.7374,76.12,0.9942,0.3311,human_female_0752.jpg
human_female_0753,1.7159,50.81,0.7934,0.3652,human_female_0753.jpg
human_female_0754,1.7377,92.66,1.1482,0.3636,human_female_0754.jpg
human_female_0755,1.6282,86.56,1.1583,0.3616,human_female_0755.jpg
human_female_0756,1.6719,96.57,1.1851,0.3297,human_female_0756.jpg
human_female_0757,1.5982,74.27,1.067,0.3647,human_female_0757.jpg
human_female_0758,1.6164,53.26,0.8695,0.3645,human_female_0758.jpg
human_female_0759,1.7784,73.58,0.9682,0.3606,human_female_0759.jpg
human_female_0760,1.586,89.15,1.1799,0.3304,human_female_0760.jpg
human_female_0761,1.6791,103.85,1.2631,0.3657,human_female_0761.jpg
human_female_0762,1.6695,67.32,0.9888,0.3631,human_female_0762.jpg
human_female_0763,1.639,40.88,0.7474,0.3614,human_female_0763.jpg
human_female_0764,1.7593,122.06,1.2955,0.3318,human_female_0764.jpg
human_female_0765,1.7496,109.14,1.2474,0.3641,human_female_0765.jpg
human_female_0766,1.789,56.15,0.8279,0.363,human_female_0766.jpg
human_female_0767,1.6109,63.79,0.9973,0.3629,human_female_0767.jpg
human_female_0768,1.5291,80.55,1.139,0.3309,human_female_0768.jpg
human_female_0769,1.8088,60.57,0.8687,0.365,human_female_0769.jpg
human_female_0770,1.4743,81.67,1.1851,0.363,human_female_0770.jpg
human_female_0771,1.6374,41.02,0.7599,0.3612,human_female_0771.jpg
human_female_0772,1.6474,78.21,1.0686,0.3305,human_female_0772.jpg
human_female_0773,1.5346,70.04,1.0499,0.3651,human_female_0773.jpg
human_female_0774,1.6251,75.88,1.077,0.3629,human_female_0774.jpg
human_female_0775,1.6828,91.9,1.16,0.3622,human_female_0775.jpg
human_female_0776,1.7267,122.47,1.3271,0.3311,human_female_0776.jpg
human_female_0777,1.7183,112.14,1.2974,0.3649,human_female_0777.jpg
human_female_0778,1.5674,81.24,1.147,0.3643,human_female_0778.jpg
human_female_0779,1.6137,39.48,0.7417,0.3609,human_female_0779.jpg
human_female_0780,1.6733,92.73,1.1651,0.3322,human_female_0780.jpg
human_female_0781,1.7908,90.81,1.1129,0.3652,human_female_0781.jpg
human_female_0782,1.5578,57.39,0.9335,0.3633,human_female_0782.jpg
human_female_0783,1.5868,88.68,1.1906,0.3611,human_female_0783.jpg
human_female_0784,1.7212,47.02,0.7411,0.3313,human_female_0784.jpg
human_female_0785,1.6083,88.61,1.1924,0.3655,human_female_0785.jpg
human_female_0786,1.5402,69.83,1.0559,0.3638,human_female_0786.jpg
human_female_0787,1.4603,67.73,1.0695,0.3617,human_female_0787.jpg
human_female_0788,1.6635,51.62,0.8122,0.3307,human_female_0788.jpg
human_female_0789,1.4625,50.37,0.9031,0.3639,human_female_0789.jpg
human_female_0790,1.7358,98.52,1.1974,0.3637,human_female_0790.jpg
human_female_0791,1.7284,91.34,1.1466,0.3607,human_female_0791.jpg
human_female_0792,1.5836,47.13,0.8056,0.3308,human_female_0792.jpg
human_female_0793,1.4642,78.57,1.1541,0.3655,human_female_0793.jpg
human_female_0794,1.5113,66.7,1.0429,0.3637,human_female_0794.jpg
human_female_0795,1.5485,85.35,1.1826,0.3613,human_female_0795.jpg
human_female_0796,1.7624,61.19,0.8336,0.3313,human_female_0796.jpg
human_female_0797,1.5107,34.89,0.7599,0.3648,human_female_0797.jpg
human_female_0798,1.4735,66.03,1.0394,0.3634,human_female_0798.jpg
human_female_0799,1.6217,72.93,1.0619,0.362,human_female_0799.jpg
human_female_0800,1.5007,74.44,1.1213,0.3319,human_female_0800.jpg
human_female_0801,1.7367,51.82,0.8012,0.3652,human_female_0801.jpg
human_female_0802,1.7946,83.89,1.0317,0.3642,human_female_0802.jpg
human_female_0803,1.48,36.07,0.7823,0.3604,human_female_0803.jpg
human_female_0804,1.6517,98.51,1.2141,0.3328,human_female_0804.jpg
human_female_0805,1.7547,60.89,0.8929,0.3643,human_female_0805.jpg
human_female_0806,1.8111,55.73,0.8065,0.3647,human_female_0806.jpg
human_female_0807,1.5433,90.05,1.2101,0.3619,human_female_0807.jpg
human_female_0808,1.6158,67.59,0.9861,0.3314,human_female_0808.jpg
human_female_0809,1.506,86.68,1.2023,0.3651,human_female_0809.jpg
human_female_0810,1.6814,67.38,0.9724,0.363,human_female_0810.jpg
human_female_0811,1.7776,58.22,0.8531,0.3622,human_female_0811.jpg
human_female_0812,1.7458,81.89,1.0519,0.3303,human_female_0812.jpg
human_female_0813,1.8014,56.9,0.8311,0.3649,human_female_0813.jpg
human_female_0814,1.606,42.6,0.7744,0.3633,human_female_0814.jpg
human_female_0815,1.6919,69.07,1.0028,0.3616,human_female_0815.jpg
human_female_0816,1.7342,55.51,0.8055,0.3301,human_female_0816.jpg
human_female_0817,1.6707,80.76,1.0978,0.3649,human_female_0817.jpg
human_female_0818,1.6476,79.23,1.078,0.3643,human_female_0818.jpg
human_female_0819,1.8212,58.83,0.8391,0.3617,human_female_0819.jpg
human_female_0820,1.6694,87.03,1.1404,0.332,human_female_0820.jpg
human_female_0821,1.7181,74.51,1.0271,0.3655,human_female_0821.jpg
human_female_0822,1.5756,43.32,0.8074,0.3648,human_female_0822.jpg
human_female_0823,1.7443,96.72,1.1685,0.3607,human_female_0823.jpg
human_female_0824,1.5287,49.67,0.8596,0.3313,human_female_0824.jpg
human_female_0825,1.5415,86.43,1.1948,0.3648,human_female_0825.jpg
human_female_0826,1.6506,92.95,1.2017,0.3639,human_female_0826.jpg
human_female_0827,1.7235,104.91,1.2287,0.3615,human_female_0827.jpg
human_female_0828,1.5486,42.09,0.7701,0.3299,human_female_0828.jpg
human_female_0829,1.5695,80.71,1.1446,0.3644,human_female_0829.jpg
human_female_0830,1.7579,107.42,1.2601,0.3644,human_female_0830.jpg
human_female_0831,1.4658,48.93,0.9141,0.3632,human_female_0831.jpg
human_female_0832,1.4947,52.78,0.9183,0.3312,human_female_0832.jpg
human_female_0833,1.622,57.72,0.915,0.3654,human_female_0833.jpg
human_female_0834,1.526,49.1,0.8649,0.364,human_female_0834.jpg
human_female_0835,1.5271,62.61,1.0074,0.362,human_female_0835.jpg
human_female_0836,1.4824,51.03,0.8972,0.3308,human_female_0836.jpg
human_female_0837,1.4946,36.15,0.7737,0.365,human_female_0837.jpg
human_female_0838,1.7806,103.47,1.2077,0.3636,human_female_0838.jpg
human_female_0839,1.5308,45.24,0.8386,0.362,human_female_0839.jpg
human_female_0840,1.6262,52.25,0.842,0.3293,human_female_0840.jpg
human_female_0841,1.7223,109.85,1.2935,0.365,human_female_0841.jpg
human_female_0842,1.7057,63.64,0.9308,0.3637,human_female_0842.jpg
human_female_0843,1.7756,125.77,1.3631,0.3612,human_female_0843.jpg
human_female_0844,1.6646,66.35,0.9262,0.3302,human_female_0844.jpg
human_female_0845,1.5593,84.08,1.1749,0.3646,human_female_0845.jpg
human_female_0846,1.5809,55.98,0.9228,0.363,human_female_0846.jpg
human_female_0847,1.5957,49.32,0.845,0.3618,human_female_0847.jpg
human_female_0848,1.7561,101.18,1.1535,0.3322,human_female_0848.jpg
human_female_0849,1.7453,119.7,1.3412,0.3649,human_female_0849.jpg
human_female_0850,1.4705,49.7,0.9088,0.3627,human_female_0850.jpg
human_female_0851,1.5226,55.67,0.936,0.3619,human_female_0851.jpg
human_female_0852,1.6988,116.13,1.3197,0.3313,human_female_0852.jpg
human_female_0853,1.644,40.69,0.7701,0.364,human_female_0853.jpg
human_female_0854,1.7158,75.48,1.0383,0.3633,human_female_0854.jpg
human_female_0855,1.7312,76.12,1.0208,0.363,human_female_0855.jpg
human_female_0856,1.7346,67.63,0.935,0.3316,human_female_0856.jpg
human_female_0857,1.5031,33.09,0.7303,0.3656,human_female_0857.jpg
human_female_0858,1.5483,56.18,0.9309,0.3637,human_female_0858.jpg
human_female_0859,1.6817,55.82,0.8678,0.361,human_female_0859.jpg
human_female_0860,1.79,60.33,0.8316,0.3322,human_female_0860.jpg
human_female_0861,1.5121,29.26,0.6978,0.3645,human_female_0861.jpg
human_female_0862,1.6357,69.82,1.0101,0.3634,human_female_0862.jpg
human_female_0863,1.6334,67.32,1.0011,0.3617,human_female_0863.jpg
human_female_0864,1.6156,70.68,1.0419,0.3326,human_female_0864.jpg
human_female_0865,1.5287,43.4,0.8297,0.3639,human_female_0865.jpg
human_female_0866,1.514,77.49,1.1309,0.365,human_female_0866.jpg
human_female_0867,1.7709,91.36,1.0928,0.3619,human_female_0867.jpg
human_female_0868,1.4653,48.16,0.8774,0.3318,human_female_0868.jpg
human_female_0869,1.6295,106.6,1.2995,0.3648,human_female_0869.jpg
human_female_0870,1.587,44.86,0.8312,0.362,human_female_0870.jpg
human_female_0871,1.5618,89.48,1.2062,0.3632,human_female_0871.jpg
human_female_0872,1.6092,73.2,1.028,0.3315,human_female_0872.jpg
human_female_0873,1.6717,96.48,1.2186,0.3653,human_female_0873.jpg
human_female_0874,1.6621,59.47,0.9067,0.3637,human_female_0874.jpg
human_female_0875,1.527,64.89,1.0262,0.362,human_female_0875.jpg
human_female_0876,1.4562,61.79,1.0131,0.3296,human_female_0876.jpg
human_female_0877,1.5592,48.43,0.8555,0.3649,human_female_0877.jpg
human_female_0878,1.8379,60.67,0.8425,0.3627,human_female_0878.jpg
human_female_0879,1.6803,90.69,1.1545,0.3611,human_female_0879.jpg
human_female_0880,1.7182,104.54,1.2228,0.3315,human_female_0880.jpg
human_female_0881,1.6597,42.28,0.7541,0.3652,human_female_0881.jpg
human_female_0882,1.6235,50.37,0.8628,0.3639,human_female_0882.jpg
human_female_0883,1.6984,76.15,1.0413,0.3615,human_female_0883.jpg
human_female_0884,1.5992,80.57,1.1099,0.3309,human_female_0884.jpg
human_female_0885,1.6812,98.82,1.2296,0.365,human_female_0885.jpg
human_female_0886,1.5145,61.57,1.0093,0.364,human_female_0886.jpg
human_female_0887,1.5295,57.34,0.9499,0.3627,human_female_0887.jpg
human_female_0888,1.6763,94.22,1.1645,0.3321,human_female_0888.jpg
human_female_0889,1.513,85.24,1.1858,0.3649,human_female_0889.jpg
human_female_0890,1.5384,39.2,0.7764,0.3628,human_female_0890.jpg
human_female_0891,1.7459,98.38,1.198,0.3623,human_female_0891.jpg
human_female_0892,1.6008,62.5,0.9457,0.3306,human_female_0892.jpg
human_female_0893,1.7711,116.97,1.2969,0.3639,human_female_0893.jpg
human_female_0894,1.7171,105.55,1.2436,0.3637,human_female_0894.jpg
human_female_0895,1.7236,96.34,1.1893,0.3611,human_female_0895.jpg
human_female_0896,1.7072,103.88,1.2348,0.3311,human_female_0896.jpg
human_female_0897,1.5781,37.43,0.7502,0.3647,human_female_0897.jpg
human_female_0898,1.7064,80.93,1.0778,0.3634,human_female_0898.jpg
human_female_0899,1.7156,117.38,1.3377,0.3616,human_female_0899.jpg
human_female_0900,1.5977,36.99,0.724,0.3296,human_female_0900.jpg
human_female_0901,1.5733,60.19,0.9658,0.3652,human_female_0901.jpg
human_female_0902,1.6822,101.72,1.2511,0.3632,human_female_0902.jpg
human_female_0903,1.7026,64.78,0.9347,0.3609,human_female_0903.jpg
human_female_0904,1.5762,57.16,0.9224,0.3312,human_female_0904.jpg
human_female_0905,1.6235,82.29,1.1326,0.3649,human_female_0905.jpg
human_female_0906,1.8013,93.35,1.1252,0.363,human_female_0906.jpg
human_female_0907,1.4998,59.88,0.989,0.361,human_female_0907.jpg
human_female_0908,1.5281,68.76,1.0505,0.3315,human_female_0908.jpg
human_female_0909,1.7419,90.47,1.1416,0.3648,human_female_0909.jpg
human_female_0910,1.6428,52.58,0.8642,0.3645,human_female_0910.jpg
human_female_0911,1.6725,53.19,0.8525,0.362,human_female_0911.jpg
human_female_0912,1.597,98.47,1.2353,0.3323,human_female_0912.jpg
human_female_0913,1.5998,38.12,0.7636,0.3656,human_female_0913.jpg
human_female_0914,1.5968,61.88,0.9784,0.3646,human_female_0914.jpg
human_female_0915,1.6621,86.74,1.1516,0.3614,human_female_0915.jpg
human_female_0916,1.6726,57.9,0.8635,0.3309,human_female_0916.jpg
human_female_0917,1.5003,91.19,1.246,0.3642,human_female_0917.jpg
human_female_0918,1.6683,73.78,1.0339,0.3641,human_female_0918.jpg
human_female_0919,1.7585,89.64,1.0992,0.3618,human_female_0919.jpg
human_female_0920,1.5072,91.72,1.2483,0.3305,human_female_0920.jpg
human_female_0921,1.4671,63.45,1.0436,0.3656,human_female_0921.jpg
human_female_0922,1.6466,101.33,1.2474,0.3637,human_female_0922.jpg
human_female_0923,1.7769,55.22,0.8245,0.3611,human_female_0923.jpg
human_female_0924,1.8046,104.62,1.1243,0.331,human_female_0924.jpg
human_female_0925,1.4842,57.71,0.9736,0.3655,human_female_0925.jpg
human_female_0926,1.5475,73.71,1.0831,0.3643,human_female_0926.jpg
human_female_0927,1.6229,94.52,1.2184,0.3619,human_female_0927.jpg
human_female_0928,1.7096,105.02,1.2353,0.3306,human_female_0928.jpg
human_female_0929,1.7152,103.17,1.2538,0.3653,human_female_0929.jpg
human_female_0930,1.7498,64.63,0.9108,0.3637,human_female_0930.jpg
human_female_0931,1.4881,72.7,1.1069,0.3615,human_female_0931.jpg
human_female_0932,1.5793,33.87,0.6641,0.3301,human_female_0932.jpg
human_female_0933,1.6429,54.12,0.8757,0.3652,human_female_0933.jpg
human_female_0934,1.4546,70.54,1.1065,0.3643,human_female_0934.jpg
human_female_0935,1.7737,74.19,0.9867,0.3607,human_female_0935.jpg
human_female_0936,1.7753,80.44,0.9818,0.331,human_female_0936.jpg
human_female_0937,1.6246,100.7,1.2707,0.3654,human_female_0937.jpg
human_female_0938,1.5775,56.83,0.9313,0.3633,human_female_0938.jpg
human_female_0939,1.6681,51.94,0.8344,0.3613,human_female_0939.jpg
human_female_0940,1.5869,88.02,1.1865,0.3302,human_female_0940.jpg
human_female_0941,1.7922,98.04,1.1611,0.3646,human_female_0941.jpg
human_female_0942,1.7516,126.49,1.3868,0.3635,human_female_0942.jpg
human_female_0943,1.7108,54.64,0.8509,0.361,human_female_0943.jpg
human_female_0944,1.4871,77.05,1.1379,0.3296,human_female_0944.jpg
human_female_0945,1.5314,83.14,1.1713,0.3634,human_female_0945.jpg
human_female_0946,1.7476,89.89,1.1308,0.3631,human_female_0946.jpg
human_female_0947,1.6022,35.8,0.724,0.3622,human_female_0947.jpg
human_female_0948,1.6732,99.0,1.2087,0.3317,human_female_0948.jpg
human_female_0949,1.5751,82.18,1.1422,0.3642,human_female_0949.jpg
human_female_0950,1.7537,112.32,1.2774,0.3636,human_female_0950.jpg
human_female_0951,1.5988,64.96,0.9878,0.3622,human_female_0951.jpg
human_female_0952,1.8182,56.9,0.7631,0.3312,human_female_0952.jpg
human_female_0953,1.5725,44.84,0.8113,0.3637,human_female_0953.jpg
human_female_0954,1.7093,87.49,1.1172,0.3637,human_female_0954.jpg
human_female_0955,1.6555,77.52,1.0723,0.3614,human_female_0955.jpg
human_female_0956,1.6234,105.77,1.2815,0.3311,human_female_0956.jpg
human_female_0957,1.8195,58.02,0.8303,0.3655,human_female_0957.jpg
human_female_0958,1.4837,75.92,1.1352,0.364,human_female_0958.jpg
human_female_0959,1.716,122.56,1.3659,0.361,human_female_0959.jpg
human_female_0960,1.7139,97.91,1.1737,0.3313,human_female_0960.jpg
human_female_0961,1.4725,75.85,1.1311,0.3645,human_female_0961.jpg
human_female_0962,1.7605,52.4,0.7982,0.3636,human_female_0962.jpg
human_female_0963,1.7524,97.49,1.1524,0.3614,human_female_0963.jpg
human_female_0964,1.7558,82.48,0.9997,0.3309,human_female_0964.jpg
human_female_0965,1.5124,68.61,1.0577,0.365,human_female_0965.jpg
human_female_0966,1.6339,58.04,0.9155,0.3643,human_female_0966.jpg
human_female_0967,1.5719,45.33,0.8388,0.3616,human_female_0967.jpg
human_female_0968,1.6961,94.01,1.1641,0.3325,human_female_0968.jpg
human_female_0969,1.7632,116.37,1.3179,0.3644,human_female_0969.jpg
human_female_0970,1.6992,58.58,0.8919,0.3639,human_female_0970.jpg
human_female_0971,1.8186,75.95,0.9765,0.3624,human_female_0971.jpg
human_female_0972,1.5902,92.27,1.2198,0.3308,human_female_0972.jpg
human_female_0973,1.6218,43.35,0.8023,0.3653,human_female_0973.jpg
human_female_0974,1.6703,41.35,0.7486,0.3637,human_female_0974.jpg
human_female_0975,1.7147,118.63,1.3427,0.3608,human_female_0975.jpg
human_female_0976,1.6794,80.36,1.057,0.3317,human_female_0976.jpg
human_female_0977,1.8121,74.45,0.9699,0.3651,human_female_0977.jpg
human_female_0978,1.7033,81.69,1.0802,0.3652,human_female_0978.jpg
human_female_0979,1.548,34.2,0.7322,0.3613,human_female_0979.jpg
human_female_0980,1.5602,74.88,1.0905,0.3302,human_female_0980.jpg
human_female_0981,1.7903,86.82,1.0724,0.3645,human_female_0981.jpg
human_female_0982,1.6519,101.63,1.252,0.3635,human_female_0982.jpg
human_female_0983,1.6485,57.74,0.9067,0.3607,human_female_0983.jpg
human_female_0984,1.4646,60.23,1.0179,0.3323,human_female_0984.jpg
human_female_0985,1.8002,73.62,0.9841,0.365,human_female_0985.jpg
human_female_0986,1.5479,33.24,0.7364,0.3645,human_female_0986.jpg
human_female_0987,1.6919,107.42,1.2733,0.36,human_female_0987.jpg
human_female_0988,1.7728,68.92,0.911,0.33,human_female_0988.jpg
human_female_0989,1.4929,31.22,0.735,0.3655,human_female_0989.jpg
human_female_0990,1.6427,65.18,0.9803,0.3637,human_female_0990.jpg
human_female_0991,1.7453,61.72,0.9142,0.3625,human_female_0991.jpg
human_female_0992,1.5411,82.33,1.1569,0.33,human_female_0992.jpg
human_female_0993,1.596,66.35,1.0033,0.364,human_female_0993.jpg
human_female_0994,1.6299,60.31,0.9325,0.3627,human_female_0994.jpg
human_female_0995,1.8274,70.98,0.9041,0.3605,human_female_0995.jpg
human_female_0996,1.4954,57.42,0.9694,0.331,human_female_0996.jpg
human_female_0997,1.654,110.7,1.334,0.3638,human_female_0997.jpg
human_female_0998,1.7135,81.24,1.0626,0.3643,human_female_0998.jpg
human_female_0999,1.627,102.92,1.2757,0.3618,human_female_0999.jpg
human_female_1000,1.4906,80.11,1.1647,0.3321,human_female_1000.jpg
